TS_PCODE,TS,ST,event_count,battles,explosions_remote,civilian_violence,fatalities,rank,share_percent,cumulative_share_percent
MMR005012,Monywa,Sagaing,1039,415,411,213,1771,1,1.9276795487856917,1.9276795487856917
MMR003006,Kawkareik,Kayin,946,441,469,36,1524,2,1.7551346036104567,3.6828141523961486
MMR009020,Myaing,Magway,934,367,457,110,1419,3,1.7328707397168779,5.415684892113026
MMR005027,Kale,Sagaing,886,322,389,175,1877,4,1.6438152841425628,7.05950017625559
MMR001009,Hpakant,Kachin,854,395,290,169,1262,5,1.584444980426353,8.643945156681943
MMR005004,Shwebo,Sagaing,806,261,404,141,1551,6,1.4953895248520381,10.139334681533981
MMR010009,Madaya,Mandalay,789,185,442,162,1117,7,1.4638490510028015,11.603183732536781
MMR015013,Nawnghkio,Shan (North),788,447,307,34,465,8,1.46199372901167,13.065177461548451
MMR007011,Kyaukkyi,Bago (East),777,141,601,35,705,9,1.441585187109223,14.506762648657675
MMR009019,Yesagyo,Magway,760,312,305,143,1434,10,1.4100447132599863,15.91680736191766
MMR009018,Pakokku,Magway,731,246,350,135,1208,11,1.356240375517171,17.273047737434833
MMR005001,Sagaing,Sagaing,667,224,294,149,1100,12,1.237499768084751,18.510547505519583
MMR010017,Myingyan,Mandalay,652,230,247,175,1521,13,1.2096699382177778,19.72021744373736
MMR006008,Tanintharyi,Tanintharyi,650,304,288,58,770,14,1.2059592942355146,20.926176737972874
MMR003005,Myawaddy,Kayin,641,380,225,36,1420,15,1.1892613963153305,22.115438134288205
MMR015009,Muse,Shan (North),640,366,184,90,572,16,1.187406074324199,23.302844208612406
MMR012009,Maungdaw,Rakhine,599,308,202,89,1583,17,1.111337872687805,24.41418208130021
MMR002002,Demoso,Kayah,597,322,227,48,1346,18,1.1076272287055418,25.52180931000575
MMR005005,Khin-U,Sagaing,582,168,250,164,1097,19,1.0797973988385685,26.60160670884432
MMR005007,Kanbalu,Sagaing,560,175,230,155,1385,20,1.038980315033674,27.640587023877995
MMR014010,Pekon,Shan (South),559,261,234,64,993,21,1.0371249930425426,28.677712016920538
MMR009021,Pauk,Magway,556,213,262,81,1061,22,1.031559027069148,29.709271043989684
MMR006007,Palaw,Tanintharyi,549,237,208,104,749,23,1.018571773131227,30.727842817120912
MMR005019,Pale,Sagaing,537,289,188,60,1392,24,0.9963079092376482,31.72415072635856
MMR005015,Chaung-U,Sagaing,510,175,259,76,1366,25,0.946214215477096,32.67036494183566
MMR011006,Ye,Mon,510,234,171,105,804,26,0.946214215477096,33.61657915731275
MMR005016,Yinmarbin,Sagaing,506,207,206,93,1132,27,0.9387929275125698,34.55537208482532
MMR005002,Myinmu,Sagaing,504,163,291,50,1240,28,0.9350822835303066,35.49045436835563
MMR011009,Kyaikto,Mon,501,150,267,84,572,29,0.929516317556912,36.41997068591254
MMR005006,Wetlet,Sagaing,499,168,214,117,965,30,0.9258056735746489,37.34577635948719
MMR003003,Hpapun,Kayin,493,280,194,19,918,31,0.9146737416278595,38.26045010111505
MMR015011,Kutkai,Shan (North),470,256,156,58,313,32,0.8720013358318336,39.13245143694688
MMR005017,Kani,Sagaing,454,215,171,68,1230,33,0.8423161839737286,39.97476762092061
MMR002001,Loikaw,Kayah,453,208,184,61,785,34,0.8404608619825971,40.81522848290321
MMR015012,Kyaukme,Shan (North),451,179,209,63,495,35,0.836750218000334,41.65197870090354
MMR006001,Dawei,Tanintharyi,445,242,102,101,1045,36,0.8256182860535446,42.47759698695709
MMR009023,Gangaw,Magway,445,189,177,79,1157,37,0.8256182860535446,43.30321527301063
MMR005003,Myaung,Sagaing,432,149,219,64,860,38,0.8014991001688343,44.10471437317946
MMR006002,Launglon,Tanintharyi,428,193,87,148,680,39,0.7940778122043081,44.898792185383776
MMR001002,Waingmaw,Kachin,424,240,158,26,254,40,0.7866565242397818,45.68544870962356
MMR001012,Momauk,Kachin,403,236,148,19,573,41,0.7476947624260191,46.43314347204957
MMR015001,Lashio,Shan (North),403,147,199,57,504,42,0.7476947624260191,47.180838234475594
MMR005018,Salingyi,Sagaing,395,159,159,77,623,43,0.7328521864969666,47.91369042097256
MMR011010,Bilin,Mon,395,122,217,56,456,44,0.7328521864969666,48.64654260746953
MMR005009,Ye-U,Sagaing,379,102,203,74,620,45,0.7031670346388615,49.34970964210839
MMR005013,Budalin,Sagaing,376,120,155,101,669,46,0.6976010686654669,50.04731071077386
MMR010019,Natogyi,Mandalay,375,100,224,51,794,47,0.6957457466743353,50.74305645744819
MMR005011,Taze,Sagaing,373,126,163,84,1155,48,0.6920351026920722,51.435091560140265
MMR003007,Kyainseikgyi,Kayin,357,164,160,33,548,49,0.6623499508339672,52.09744151097423
MMR004006,Mindat,Chin,352,169,149,34,635,50,0.6530733408783095,52.750514851852536
MMR010012,Thabeikkyin,Mandalay,349,166,157,26,703,51,0.6475073749049147,53.398022226757455
MMR011007,Thaton,Mon,345,88,197,60,397,52,0.6400860869403885,54.03810831369784
MMR012011,Kyaukpyu,Rakhine,343,152,170,21,335,53,0.6363754429581254,54.67448375665597
MMR006004,Yebyu,Tanintharyi,341,149,88,104,694,54,0.6326647989758623,55.307148555631834
MMR005014,Ayadaw,Sagaing,334,131,140,63,677,55,0.6196775450379414,55.92682610066977
MMR005022,Tigyaing,Sagaing,332,115,176,41,825,56,0.6159669010556782,56.54279300172545
MMR007006,Kyauktaga,Bago (East),320,50,250,20,339,57,0.5937030371620995,57.13649603888755
MMR010011,Mogoke,Mandalay,318,130,133,55,411,58,0.5899923931798363,57.726488432067384
MMR006003,Thayetchaung,Tanintharyi,315,140,95,80,598,59,0.5844264272064417,58.31091485927383
MMR005010,Tabayin,Sagaing,312,102,142,68,657,60,0.578860461233047,58.88977532050687
MMR007005,Nyaunglebin,Bago (East),308,76,210,22,307,61,0.5714391732685208,59.461214493775394
MMR005020,Katha,Sagaing,302,148,106,48,892,62,0.5603072413217314,60.021521735097124
MMR007012,Phyu,Bago (East),300,69,210,21,476,63,0.5565965973394683,60.578118332436595
MMR010018,Taungtha,Mandalay,300,94,151,55,428,64,0.5565965973394683,61.13471492977607
MMR001010,Bhamo,Kachin,289,158,115,16,315,65,0.5361880554370211,61.67090298521308
MMR010010,Singu,Mandalay,272,78,148,46,512,66,0.5046475815877846,62.175550566800865
MMR005029,Mingin,Sagaing,265,145,69,51,830,67,0.4916603276498636,62.66721089445073
MMR007010,Yedashe,Bago (East),262,120,102,40,738,68,0.48609436167646897,63.153305256127204
MMR009010,Salin,Magway,261,119,108,34,549,69,0.4842390396853374,63.63754429581254
MMR005030,Tamu,Sagaing,259,155,50,54,607,70,0.48052839570307426,64.11807269151561
MMR012014,Ann,Rakhine,258,144,95,19,682,71,0.47867307371194273,64.59674576522755
MMR010021,Ngazun,Mandalay,253,78,119,56,722,72,0.4693964637562849,65.06614222898384
MMR015014,Hsipaw,Shan (North),248,104,115,29,127,73,0.4601198538006271,65.52626208278447
MMR009025,Saw,Magway,247,120,95,32,671,74,0.45826453180949556,65.98452661459396
MMR005021,Indaw,Sagaing,242,125,76,41,592,75,0.44898792185383773,66.4335145364478
MMR005024,Kawlin,Sagaing,233,91,96,46,643,76,0.4322900239336537,66.86580456038145
MMR007008,Shwegyin,Bago (East),233,42,175,16,195,77,0.4322900239336537,67.29809458431511
MMR001007,Mohnyin,Kachin,223,81,92,50,370,78,0.4137368040223381,67.71183138833744
MMR005034,Homalin,Sagaing,220,127,70,23,377,79,0.4081708380489434,68.12000222638639
MMR001011,Shwegu,Kachin,219,112,86,21,457,80,0.40631551605781185,68.5263177424442
MMR012001,Sittwe,Rakhine,219,58,78,83,259,81,0.40631551605781185,68.93263325850201
MMR002003,Hpruso,Kayah,214,140,66,8,421,82,0.39703890610215403,69.32967216460416
MMR004002,Hakha,Chin,214,153,43,18,521,83,0.39703890610215403,69.72671107070632
MMR008010,Okpho,Bago (West),214,74,40,100,312,84,0.39703890610215403,70.12374997680847
MMR001001,Myitkyina,Kachin,211,67,94,50,114,85,0.39147294012875933,70.51522291693723
MMR004007,Matupi,Chin,209,145,42,22,480,86,0.3877622961464962,70.90298521308372
MMR008009,Minhla,Bago (West),209,72,59,78,575,87,0.3877622961464962,71.29074750923023
MMR014004,Hsihseng,Shan (South),209,82,91,36,555,88,0.3877622961464962,71.67850980537672
MMR012017,Gwa,Rakhine,208,136,61,11,269,89,0.3859069741553647,72.0644167795321
MMR012015,Thandwe,Rakhine,205,81,116,8,1216,90,0.38034100818197,72.44475778771405
MMR003004,Thandaunggyi,Kayin,202,115,70,17,446,91,0.37477504220857527,72.81953282992264
MMR007009,Taungoo,Bago (East),197,95,75,27,449,92,0.3654984322529175,73.18503126217556
MMR004001,Falam,Chin,193,108,61,24,519,93,0.35807714428839127,73.54310840646394
MMR015002,Hseni,Shan (North),193,89,85,19,214,94,0.35807714428839127,73.90118555075233
MMR008004,Paungde,Bago (West),189,87,41,61,226,95,0.35065585632386503,74.2518414070762
MMR012005,Minbya,Rakhine,189,46,113,30,120,96,0.35065585632386503,74.60249726340007
MMR009024,Tilin,Magway,187,92,65,30,481,97,0.34694521234160186,74.94944247574166
MMR012010,Buthidaung,Rakhine,185,89,55,41,406,98,0.34323456835933874,75.292677044101
MMR004009,Paletwa,Chin,184,114,49,21,210,99,0.3413792463682072,75.63405629046922
MMR013046,Hlaingtharya (East),Yangon,182,10,118,54,45,100,0.3376686023859441,75.97172489285515
MMR015010,Namhkan,Shan (North),178,78,68,32,118,101,0.33024731442141786,76.30197220727658
MMR015017,Mongmit,Shan (North),178,101,57,20,231,102,0.33024731442141786,76.63221952169799
MMR014009,Pinlaung,Shan (South),177,105,51,21,267,103,0.3283919924302863,76.96061151412827
MMR003001,Hpa-An,Kayin,174,53,88,33,172,104,0.32282602645689157,77.28343754058517
MMR012004,Kyauktaw,Rakhine,166,39,111,16,153,105,0.3079834505278391,77.59142099111301
MMR012016,Toungup,Rakhine,165,50,105,10,207,106,0.30612812853670757,77.89754911964971
MMR009009,Ngape,Magway,161,115,34,12,667,107,0.2987068405721813,78.19625596022189
MMR009022,Seikphyu,Magway,161,49,84,28,377,108,0.2987068405721813,78.49496280079408
MMR010004,Chanmyathazi,Mandalay,160,29,74,57,78,109,0.29685151858104974,78.79181431937513
MMR012002,Ponnagyun,Rakhine,160,19,123,18,112,110,0.29685151858104974,79.08866583795617
MMR008012,Nattalin,Bago (West),157,67,45,45,238,111,0.29128555260765504,79.37995139056383
MMR004004,Tedim,Chin,156,84,41,31,299,112,0.2894302306165235,79.66938162118035
MMR010003,Mahaaungmyay,Mandalay,156,17,67,72,68,113,0.2894302306165235,79.95881185179688
MMR013001,Insein,Yangon,154,5,93,56,51,114,0.2857195866342604,80.24453143843114
MMR010002,Chanayethazan,Mandalay,149,11,75,63,71,115,0.27644297667860257,80.52097441510975
MMR013012,North Okkalapa,Yangon,149,8,108,33,29,116,0.27644297667860257,80.79741739178834
MMR015022,Laukkaing,Shan (North),149,95,39,15,306,117,0.27644297667860257,81.07386036846695
MMR010007,Patheingyi,Mandalay,147,46,61,40,100,118,0.27273233269633945,81.34659270116329
MMR011002,Kyaikmaraw,Mon,145,52,77,16,174,119,0.26902168871407633,81.61561438987736
MMR013002,Mingaladon,Yangon,142,10,101,31,54,120,0.26345572274068163,81.87907011261805
MMR012007,Pauktaw,Rakhine,140,31,96,13,161,121,0.2597450787584185,82.13881519137647
MMR004008,Kanpetlet,Chin,136,90,26,20,271,122,0.2523237907938923,82.39113898217036
MMR009006,Natmauk,Magway,134,44,31,59,216,123,0.24861314681162916,82.63975212898198
MMR012003,Mrauk-U,Rakhine,134,26,84,24,156,124,0.24861314681162916,82.88836527579362
MMR015015,Namtu,Shan (North),134,59,51,24,26,125,0.24861314681162916,83.13697842260524
MMR001013,Mansi,Kachin,133,80,49,4,87,126,0.2467578248204976,83.38373624742574
MMR010001,Aungmyaythazan,Mandalay,128,20,61,47,104,127,0.23748121486483978,83.62121746229059
MMR010005,Pyigyitagon,Mandalay,128,20,63,45,85,128,0.23748121486483978,83.85869867715542
MMR013018,Dagon Myothit (South),Yangon,128,13,69,46,41,129,0.23748121486483978,84.09617989202026
MMR012008,Rathedaung,Rakhine,127,38,79,10,191,130,0.23562589287370822,84.33180578489397
MMR010022,Nyaung-U,Mandalay,126,39,20,67,302,131,0.23377057088257666,84.56557635577654
MMR008014,Gyobingauk,Bago (West),124,50,20,54,172,132,0.23005992690031354,84.79563628267685
MMR005023,Banmauk,Sagaing,123,72,34,17,253,133,0.22820460490918199,85.02384088758605
MMR011004,Thanbyuzayat,Mon,123,66,41,16,221,134,0.22820460490918199,85.25204549249523
MMR005032,Paungbyin,Sagaing,118,56,54,8,293,135,0.2189279949535242,85.47097348744875
MMR017001,Pathein,Ayeyarwady,117,32,47,38,39,136,0.21707267296239263,85.68804616041113
MMR004003,Thantlang,Chin,116,82,28,6,270,137,0.21521735097126107,85.9032635113824
MMR014007,Ywangan,Shan (South),114,39,22,53,151,138,0.21150670698899793,86.1147702183714
MMR010031,Wundwin,Mandalay,113,15,18,80,72,139,0.20965138499786637,86.32442160336926
MMR007014,Htantabin,Bago (East),111,48,45,18,265,140,0.20594074101560325,86.53036234438487
MMR009008,Pwintbyu,Magway,111,29,44,38,225,141,0.20594074101560325,86.73630308540046
MMR006005,Myeik,Tanintharyi,110,35,34,41,164,142,0.2040854190244717,86.94038850442494
MMR014002,Nyaungshwe,Shan (South),109,40,43,26,177,143,0.20223009703334013,87.14261860145828
MMR013019,Dagon Myothit (North),Yangon,107,8,70,29,42,144,0.19851945305107702,87.34113805450936
MMR013007,Shwepyithar,Yangon,106,6,65,35,46,145,0.19666413105994546,87.5378021855693
MMR013040,Hlaing,Yangon,106,6,62,38,43,146,0.19666413105994546,87.73446631662925
MMR002005,Bawlake,Kayah,102,73,19,10,331,147,0.18924284309541922,87.92370915972467
MMR005008,Kyunhla,Sagaing,101,19,56,26,147,148,0.18738752110428764,88.11109668082896
MMR013042,Mayangone,Yangon,101,4,68,29,44,149,0.18738752110428764,88.29848420193325
MMR017010,Lemyethna,Ayeyarwady,100,42,52,6,22,150,0.18553219911315608,88.4840164010464
MMR001004,Tanai,Kachin,97,61,31,5,98,151,0.1799662331397614,88.66398263418617
MMR013013,Thaketa,Yangon,96,10,54,32,29,152,0.17811091114862984,88.84209354533479
MMR015016,Namhsan,Shan (North),96,30,44,22,98,153,0.17811091114862984,89.02020445648343
MMR008002,Paukkhaung,Bago (West),95,38,28,29,146,154,0.17625558915749828,89.19646004564092
MMR014008,Lawksawk,Shan (South),94,54,31,9,138,155,0.17440026716636672,89.3708603128073
MMR017006,Yegyi,Ayeyarwady,87,52,19,16,32,156,0.16141301322844578,89.53227332603574
MMR002006,Hpasawng,Kayah,86,51,35,0,193,157,0.15955769123731423,89.69183101727305
MMR010006,Amarapura,Mandalay,85,11,39,35,40,158,0.15770236924618267,89.84953338651923
MMR008001,Pyay,Bago (West),83,9,27,47,118,159,0.15399172526391955,90.00352511178315
MMR008008,Letpadan,Bago (West),83,22,13,48,164,160,0.15399172526391955,90.15751683704707
MMR009014,Mindon,Magway,83,40,26,17,219,161,0.15399172526391955,90.31150856231099
MMR009003,Chauk,Magway,82,26,26,30,168,162,0.152136403272788,90.46364496558378
MMR005031,Mawlaik,Sagaing,81,44,21,16,136,163,0.15028108128165643,90.61392604686543
MMR013023,Thanlyin,Yangon,81,12,37,32,46,164,0.15028108128165643,90.76420712814709
MMR009002,Yenangyaung,Magway,80,39,18,23,122,165,0.14842575929052487,90.91263288743761
MMR006009,Kawthoung,Tanintharyi,78,37,8,33,123,166,0.14471511530826175,91.05734800274588
MMR001008,Mogaung,Kachin,77,29,23,25,41,167,0.1428597933171302,91.20020779606301
MMR006010,Bokpyin,Tanintharyi,77,40,22,15,121,168,0.1428597933171302,91.34306758938014
MMR008003,Padaung,Bago (West),77,48,11,18,40,169,0.1428597933171302,91.48592738269727
MMR009004,Taungdwingyi,Magway,77,7,19,51,76,170,0.1428597933171302,91.6287871760144
MMR010020,Kyaukpadaung,Mandalay,77,13,27,37,68,171,0.1428597933171302,91.77164696933153
MMR007001,Bago,Bago (East),74,11,37,26,64,172,0.1372938273437355,91.90894079667527
MMR010013,Kyaukse,Mandalay,72,16,32,24,83,173,0.13358318336147237,92.04252398003673
MMR015019,Manton,Shan (North),72,39,23,10,34,174,0.13358318336147237,92.17610716339821
MMR005026,Pinlebu,Sagaing,69,44,15,10,259,175,0.1280172173880777,92.30412438078629
MMR006006,Kyunsu,Tanintharyi,69,43,13,13,133,176,0.1280172173880777,92.43214159817437
MMR013011,South Okkalapa,Yangon,69,3,53,13,6,177,0.1280172173880777,92.56015881556245
MMR014016,Mongkaing,Shan (South),69,16,25,28,15,178,0.1280172173880777,92.68817603295052
MMR009001,Magway,Magway,68,5,35,28,65,179,0.12616189539694614,92.81433792834747
MMR010029,Mahlaing,Mandalay,68,11,33,24,94,180,0.12616189539694614,92.94049982374442
MMR014001,Taunggyi,Shan (South),67,3,28,36,16,181,0.12430657340581458,93.06480639715022
MMR011008,Paung,Mon,65,21,23,21,33,182,0.12059592942355146,93.18540232657378
MMR013009,Thingangyun,Yangon,65,1,41,23,27,183,0.12059592942355146,93.30599825599732
MMR013015,Tamwe,Yangon,65,1,45,19,19,184,0.12059592942355146,93.42659418542088
MMR012013,Ramree,Rakhine,64,17,43,4,168,185,0.11874060743241989,93.5453347928533
MMR013039,Sanchaung,Yangon,63,3,41,19,18,186,0.11688528544128833,93.6622200782946
MMR001014,Puta-O,Kachin,62,39,10,13,88,187,0.11502996345015677,93.77725004174475
MMR013044,Bahan,Yangon,62,2,40,20,18,188,0.11502996345015677,93.8922800051949
MMR003002,Hlaingbwe,Kayin,61,38,20,3,69,189,0.11317464145902521,94.00545464665393
MMR008007,Thayarwady,Bago (West),61,5,11,45,20,190,0.11317464145902521,94.11862928811296
MMR013027,Twantay,Yangon,61,13,16,32,52,191,0.11317464145902521,94.23180392957198
MMR005025,Wuntho,Sagaing,59,30,18,11,188,192,0.1094639974767621,94.34126792704873
MMR007004,Waw,Bago (East),57,14,28,15,46,193,0.10575335349449896,94.44702128054324
MMR012006,Myebon,Rakhine,57,12,38,7,43,194,0.10575335349449896,94.55277463403773
MMR002004,Shadaw,Kayah,55,48,5,2,188,195,0.10204270951223585,94.65481734354998
MMR011001,Mawlamyine,Mon,55,6,39,10,21,196,0.10204270951223585,94.75686005306221
MMR009016,Aunglan,Magway,53,14,10,29,105,197,0.09833206552997273,94.85519211859219
MMR013003,Hmawbi,Yangon,53,4,42,7,21,198,0.09833206552997273,94.95352418412216
MMR017019,Maubin,Ayeyarwady,53,5,19,29,14,199,0.09833206552997273,95.05185624965213
MMR018006,Pyinmana,Nay Pyi Taw,53,21,19,13,126,200,0.09833206552997273,95.1501883151821
MMR010016,Tada-U,Mandalay,52,16,12,24,81,201,0.09647674353884117,95.24666505872094
MMR008005,Thegon,Bago (West),50,15,14,21,66,202,0.09276609955657804,95.33943115827752
MMR010014,Sintgaing,Mandalay,50,13,19,18,84,203,0.09276609955657804,95.43219725783409
MMR013026,Kayan,Yangon,50,11,25,14,64,204,0.09276609955657804,95.52496335739067
MMR009015,Kamma,Magway,49,17,25,7,81,205,0.09091077756544648,95.61587413495612
MMR011005,Mudon,Mon,49,13,19,17,33,206,0.09091077756544648,95.70678491252157
MMR013021,Dagon Myothit (Seikkan),Yangon,49,2,21,26,18,207,0.09091077756544648,95.79769569008701
MMR001015,Sumprabum,Kachin,48,42,2,4,100,208,0.08905545557431492,95.88675114566134
MMR007013,Oktwin,Bago (East),47,17,21,9,147,209,0.08720013358318336,95.97395127924452
MMR013038,Kyeemyindaing,Yangon,45,2,31,12,21,210,0.08348948960092024,96.05744076884544
MMR013041,Kamaryut,Yangon,45,5,23,17,11,211,0.08348948960092024,96.14093025844636
MMR014003,Hopong,Shan (South),45,13,25,7,50,212,0.08348948960092024,96.22441974804727
MMR010008,Pyinoolwin,Mandalay,43,17,9,17,56,213,0.07977884561865711,96.30419859366593
MMR017003,Thabaung,Ayeyarwady,43,28,4,11,14,214,0.07977884561865711,96.38397743928459
MMR017005,Kyonpyaw,Ayeyarwady,42,2,14,26,16,215,0.07792352362752555,96.46190096291211
MMR009005,Myothit,Magway,39,11,8,20,54,216,0.07235755765413088,96.53425852056624
MMR013020,Dagon Myothit (East),Yangon,39,0,33,6,20,217,0.07235755765413088,96.60661607822037
MMR001005,Chipwi,Kachin,37,28,2,7,18,218,0.06864691367186775,96.67526299189224
MMR013004,Hlegu,Yangon,37,4,16,17,32,219,0.06864691367186775,96.74390990556411
MMR007007,Daik-U,Bago (East),36,5,9,22,25,220,0.06679159168073619,96.81070149724485
MMR009007,Minbu,Magway,36,10,11,15,28,221,0.06679159168073619,96.87749308892559
MMR015003,Mongyai,Shan (North),36,6,21,9,20,222,0.06679159168073619,96.94428468060632
MMR009012,Thayet,Magway,35,8,18,9,55,223,0.06493626968960463,97.00922095029593
MMR014015,Kyethi,Shan (South),35,27,3,5,4,224,0.06493626968960463,97.07415721998552
MMR004005,Tonzang,Chin,34,30,3,1,62,225,0.06308094769847307,97.137238167684
MMR010028,Meiktila,Mandalay,34,4,13,17,31,226,0.06308094769847307,97.20031911538247
MMR009011,Sidoktaya,Magway,33,16,10,7,67,227,0.06122562570734151,97.26154474108982
MMR017013,Ingapu,Ayeyarwady,33,8,15,10,13,228,0.06122562570734151,97.32277036679716
MMR015020,Kunlong,Shan (North),32,20,9,3,24,229,0.059370303716209945,97.38214067051337
MMR017023,Pyapon,Ayeyarwady,32,1,19,12,6,230,0.059370303716209945,97.44151097422957
MMR009017,Sinbaungwe,Magway,31,8,11,12,116,231,0.057514981725078386,97.49902595595465
MMR013022,Mingalartaungnyunt,Yangon,31,1,15,15,9,232,0.057514981725078386,97.55654093767973
MMR017008,Hinthada,Ayeyarwady,31,6,13,12,24,233,0.057514981725078386,97.61405591940482
MMR005028,Kalewa,Sagaing,30,15,15,0,81,234,0.05565965973394683,97.66971557913875
MMR009013,Minhla,Magway,30,13,9,8,116,235,0.05565965973394683,97.7253752388727
MMR017018,Mawlamyinegyun,Ayeyarwady,30,6,12,12,11,236,0.05565965973394683,97.78103489860665
MMR010015,Myittha,Mandalay,29,4,13,12,24,237,0.05380433774281527,97.83483923634947
MMR014020,Mawkmai,Shan (South),29,17,10,2,35,238,0.05380433774281527,97.88864357409228
MMR015018,Mabein,Shan (North),29,9,15,5,53,239,0.05380433774281527,97.9424479118351
MMR013014,Dawbon,Yangon,28,1,18,9,10,240,0.0519490157516837,97.99439692758678
MMR018002,Za Bu Thi Ri,Nay Pyi Taw,28,2,23,3,26,241,0.0519490157516837,98.04634594333847
MMR001006,Tsawlaw,Kachin,27,21,5,1,14,242,0.050093693760552144,98.09643963709902
MMR002007,Mese,Kayah,27,16,9,2,38,243,0.050093693760552144,98.14653333085957
MMR013037,Ahlone,Yangon,26,2,19,5,7,244,0.048238371769420585,98.194771702629
MMR008011,Zigon,Bago (West),24,14,5,5,27,245,0.04452772778715746,98.23929943041615
MMR013010,Yankin,Yangon,24,0,20,4,2,246,0.04452772778715746,98.28382715820331
MMR014012,Laihka,Shan (South),24,10,7,7,19,247,0.04452772778715746,98.32835488599046
MMR017004,Ngapudaw,Ayeyarwady,24,4,5,15,10,248,0.04452772778715746,98.37288261377762
MMR010030,Thazi,Mandalay,23,6,7,10,23,249,0.0426724057960259,98.41555501957365
MMR013028,Kawhmu,Yangon,23,6,2,15,34,250,0.0426724057960259,98.45822742536967
MMR013033,Kyauktada,Yangon,23,0,19,4,2,251,0.0426724057960259,98.5008998311657
MMR010024,Pyawbwe,Mandalay,22,6,6,10,60,252,0.04081708380489434,98.54171691497059
MMR014006,Pindaya,Shan (South),22,4,5,13,16,253,0.04081708380489434,98.58253399877549
MMR017024,Bogale,Ayeyarwady,22,4,9,9,5,254,0.04081708380489434,98.62335108258038
MMR018003,Tatkon,Nay Pyi Taw,22,4,12,6,10,255,0.04081708380489434,98.66416816638528
MMR018007,Lewe,Nay Pyi Taw,22,6,11,5,74,256,0.04081708380489434,98.70498525019018
MMR008013,Monyo,Bago (West),20,2,6,12,9,257,0.03710643982263122,98.7420916900128
MMR013017,Botahtaung,Yangon,20,1,11,8,8,258,0.03710643982263122,98.77919812983544
MMR013029,Kungyangon,Yangon,20,1,6,13,23,259,0.03710643982263122,98.81630456965806
MMR014005,Kalaw,Shan (South),20,3,6,11,6,260,0.03710643982263122,98.8534110094807
MMR015004,Tangyan,Shan (North),20,4,3,13,8,261,0.03710643982263122,98.89051744930333
MMR017012,Kyangin,Ayeyarwady,20,3,9,8,19,262,0.03710643982263122,98.92762388912595
MMR017021,Nyaungdon,Ayeyarwady,20,2,7,11,3,263,0.03710643982263122,98.96473032894859
MMR007003,Kawa,Bago (East),19,10,7,2,9,264,0.03525111783149966,98.99998144678008
MMR013005,Taikkyi,Yangon,19,5,8,6,27,265,0.03525111783149966,99.03523256461159
MMR014011,Loilen,Shan (South),19,4,12,3,12,266,0.03525111783149966,99.07048368244308
MMR015023,Konkyan,Shan (North),19,17,0,2,162,267,0.03525111783149966,99.10573480027459
MMR013030,Dala,Yangon,18,3,7,8,9,268,0.033395795840368094,99.13913059611495
MMR017002,Kangyidaunt,Ayeyarwady,18,2,10,6,5,269,0.033395795840368094,99.17252639195533
MMR017011,Myanaung,Ayeyarwady,18,3,6,9,3,270,0.033395795840368094,99.2059221877957
MMR005033,Hkamti,Sagaing,17,10,3,4,46,271,0.031540473849236535,99.23746266164493
MMR013035,Lanmadaw,Yangon,17,1,11,5,3,272,0.031540473849236535,99.26900313549416
MMR001003,Injangyang,Kachin,16,13,2,1,10,273,0.029685151858104972,99.29868828735228
MMR013025,Thongwa,Yangon,16,3,10,3,9,274,0.029685151858104972,99.32837343921038
MMR016009,Tachileik,Shan (East),16,1,11,4,3,275,0.029685151858104972,99.35805859106848
MMR013016,Pazundaung,Yangon,15,0,9,6,2,276,0.027829829866973414,99.38588842093546
MMR017025,Kyaiklat,Ayeyarwady,15,1,10,4,4,277,0.027829829866973414,99.41371825080243
MMR008006,Shwedaung,Bago (West),14,2,4,8,5,278,0.02597450787584185,99.43969275867826
MMR017009,Zalun,Ayeyarwady,13,1,6,6,4,279,0.024119185884710292,99.46381194456298
MMR017014,Myaungmya,Ayeyarwady,13,0,6,7,0,280,0.024119185884710292,99.48793113044769
MMR011003,Chaungzon,Mon,12,1,3,8,7,281,0.02226386389357873,99.51019499434126
MMR013047,Hlaingtharya (West),Yangon,12,0,5,7,3,282,0.02226386389357873,99.53245885823485
MMR014013,Nansang,Shan (South),12,6,0,6,3,283,0.02226386389357873,99.55472272212843
MMR018004,Det Khi Na Thi Ri,Nay Pyi Taw,12,1,3,8,5,284,0.02226386389357873,99.576986586022
MMR013006,Htantabin,Yangon,11,2,4,5,8,285,0.02040854190244717,99.59739512792446
MMR013024,Kyauktan,Yangon,10,0,4,6,6,286,0.01855321991131561,99.61594834783577
MMR013043,Dagon,Yangon,10,1,8,1,0,287,0.01855321991131561,99.63450156774708
MMR014017,Monghsu,Shan (South),10,0,0,10,4,288,0.01855321991131561,99.6530547876584
MMR017016,Labutta,Ayeyarwady,10,0,8,2,2,289,0.01855321991131561,99.67160800756972
MMR017017,Wakema,Ayeyarwady,10,2,5,3,3,290,0.01855321991131561,99.69016122748103
MMR017026,Dedaye,Ayeyarwady,10,1,6,3,2,291,0.01855321991131561,99.70871444739234
MMR018005,Poke Ba Thi Ri,Nay Pyi Taw,10,1,2,7,6,292,0.01855321991131561,99.72726766730366
MMR001018,Khaunglanhpu,Kachin,9,5,2,2,0,293,0.016697897920184047,99.74396556522385
MMR010023,Yamethin,Mandalay,9,2,5,2,26,294,0.016697897920184047,99.76066346314403
MMR013036,Latha,Yangon,9,0,6,3,3,295,0.016697897920184047,99.77736136106421
MMR018008,Oke Ta Ra Thi Ri,Nay Pyi Taw,9,3,3,3,6,296,0.016697897920184047,99.79405925898439
MMR014014,Kunhing,Shan (South),8,5,1,2,2,297,0.014842575929052486,99.80890183491346
MMR017020,Pantanaw,Ayeyarwady,8,0,1,7,1,298,0.014842575929052486,99.82374441084251
MMR016006,Monghsat,Shan (East),7,5,1,1,1,299,0.012987253937920926,99.83673166478042
MMR017022,Danubyu,Ayeyarwady,7,0,4,3,1,300,0.012987253937920926,99.84971891871834
MMR013034,Pabedan,Yangon,6,1,3,2,2,301,0.011131931946789365,99.86085085066513
MMR014019,Mongnai,Shan (South),6,1,0,5,2,302,0.011131931946789365,99.87198278261192
MMR015021,Hopang,Shan (North),6,4,2,0,1,303,0.011131931946789365,99.88311471455872
MMR016011,Mongyawng,Shan (East),6,2,3,1,6,304,0.011131931946789365,99.89424664650551
MMR017007,Kyaunggon,Ayeyarwady,6,0,6,0,0,305,0.011131931946789365,99.90537857845229
MMR005035,Layshi,Sagaing,5,1,1,3,4,306,0.009276609955657805,99.91465518840795
MMR014021,Mongpan,Shan (South),5,4,0,1,4,307,0.009276609955657805,99.92393179836361
MMR016007,Mongping,Shan (East),5,1,4,0,5,308,0.009276609955657805,99.93320840831926
MMR007002,Thanatpin,Bago (East),4,1,0,3,3,309,0.007421287964526243,99.94062969628379
MMR013031,Seikgyikanaungto,Yangon,4,1,3,0,0,310,0.007421287964526243,99.94805098424831
MMR015005,Pangsang (Panghkam),Shan (North),4,2,1,1,6,311,0.007421287964526243,99.95547227221284
MMR005037,Nanyun,Sagaing,3,2,1,0,11,312,0.0055659659733946825,99.96103823818623
MMR012012,Munaung,Rakhine,3,0,1,2,0,313,0.0055659659733946825,99.96660420415964
MMR016001,Kengtung,Shan (East),3,0,0,3,3,314,0.0055659659733946825,99.97217017013303
MMR016008,Mongton,Shan (East),3,2,1,0,6,315,0.0055659659733946825,99.97773613610642
MMR017015,Einme,Ayeyarwady,3,0,2,1,0,316,0.0055659659733946825,99.98330210207982
MMR018001,Zay Yar Thi Ri,Nay Pyi Taw,3,0,2,1,1,317,0.0055659659733946825,99.98886806805321
MMR005036,Lahe,Sagaing,2,1,0,1,4,318,0.0037106439822631215,99.99257871203547
MMR001016,Machanbaw,Kachin,1,1,0,0,0,319,0.0018553219911315608,99.99443403402661
MMR001017,Nawngmun,Kachin,1,0,0,1,0,320,0.0018553219911315608,99.99628935601774
MMR014018,Langkho,Shan (South),1,1,0,0,3,321,0.0018553219911315608,99.99814467800887
MMR016003,Mongyang,Shan (East),1,0,1,0,2,322,0.0018553219911315608,100
MMR013032,Cocokyun,Yangon,0,0,0,0,0,323,0,100
MMR015006,Narphan,Shan (North),0,0,0,0,0,324,0,100
MMR015007,Pangwaun,Shan (North),0,0,0,0,0,325,0,100
MMR015008,Mongmao,Shan (North),0,0,0,0,0,326,0,100
MMR015024,Matman,Shan (North),0,0,0,0,0,327,0,100
MMR016002,Mongkhet,Shan (East),0,0,0,0,0,328,0,100
MMR016005,Mongla,Shan (East),0,0,0,0,0,329,0,100
MMR016010,Monghpyak,Shan (East),0,0,0,0,0,330,0,100
