month,event_count,battles,explosions_remote,civilian_violence,fatalities,year,calendar_month,period
2021-01-01,62,26,14,22,21,2021,1,2021
2021-02-01,66,38,11,17,41,2021,2,2021
2021-03-01,272,92,50,130,304,2021,3,2021
2021-04-01,465,201,154,110,330,2021,4,2021
2021-05-01,866,299,399,168,851,2021,5,2021
2021-06-01,627,176,230,221,706,2021,6,2021
2021-07-01,509,191,160,158,854,2021,7,2021
2021-08-01,565,198,169,198,812,2021,8,2021
2021-09-01,931,256,401,274,1247,2021,9,2021
2021-10-01,1052,263,500,289,1728,2021,10,2021
2021-11-01,977,342,376,259,1963,2021,11,2021
2021-12-01,975,340,404,231,2191,2021,12,2021
2022-01-01,1095,399,458,238,2006,2022,1,2022
2022-02-01,824,308,355,161,1749,2022,2,2022
2022-03-01,906,366,363,177,2054,2022,3,2022
2022-04-01,990,391,370,229,2207,2022,4,2022
2022-05-01,990,397,341,252,2446,2022,5,2022
2022-06-01,929,382,299,248,2165,2022,6,2022
2022-07-01,959,393,351,215,2178,2022,7,2022
2022-08-01,1024,422,367,235,2269,2022,8,2022
2022-09-01,1058,455,398,205,1757,2022,9,2022
2022-10-01,1059,383,432,244,1789,2022,10,2022
2022-11-01,1060,411,448,201,1956,2022,11,2022
2022-12-01,871,345,362,164,1430,2022,12,2022
2023-01-01,974,400,371,203,1763,2023,1,2023
2023-02-01,924,401,353,170,1715,2023,2,2023
2023-03-01,989,385,400,204,2054,2023,3,2023
2023-04-01,849,350,341,158,1901,2023,4,2023
2023-05-01,932,372,378,182,1741,2023,5,2023
2023-06-01,956,384,397,175,1718,2023,6,2023
2023-07-01,1126,502,428,196,1872,2023,7,2023
2023-08-01,1094,456,436,202,1634,2023,8,2023
2023-09-01,1063,483,407,173,1445,2023,9,2023
2023-10-01,1111,467,470,174,1706,2023,10,2023
2023-11-01,1466,685,656,125,2477,2023,11,2023
2023-12-01,1449,497,797,155,1617,2023,12,2023
2024-01-01,1307,506,663,138,1860,2024,1,2024
2024-02-01,1056,420,487,149,1584,2024,2,2024
2024-03-01,1297,492,629,176,2037,2024,3,2024
2024-04-01,1166,452,552,162,1753,2024,4,2024
2024-05-01,1045,423,476,146,1706,2024,5,2024
2024-06-01,995,441,438,116,1803,2024,6,2024
2024-07-01,1161,545,483,133,2308,2024,7,2024
2024-08-01,1076,475,469,132,2203,2024,8,2024
2024-09-01,866,319,421,126,1607,2024,9,2024
2024-10-01,1006,361,512,133,1013,2024,10,2024
2024-11-01,1116,452,511,153,1422,2024,11,2024
2024-12-01,1007,392,384,231,1133,2024,12,2024
2025-01-01,1005,365,441,199,1595,2025,1,2025 (January-September only)
2025-02-01,1016,343,509,164,1306,2025,2,2025 (January-September only)
2025-03-01,964,360,475,129,1288,2025,3,2025 (January-September only)
2025-04-01,983,303,562,118,940,2025,4,2025 (January-September only)
2025-05-01,952,370,449,133,1131,2025,5,2025 (January-September only)
2025-06-01,990,435,417,138,1334,2025,6,2025 (January-September only)
2025-07-01,888,381,370,137,1302,2025,7,2025 (January-September only)
2025-08-01,1010,385,455,170,1717,2025,8,2025 (January-September only)
2025-09-01,928,389,350,189,1266,2025,9,2025 (January-September only)
