TS_PCODE,classification,tau,p_value,trend_testable,untestable_reason,significant_trend,trend_direction,n_months,n_hot,n_cold,hot_fraction,cold_fraction,final_hot,final_cold,raw_class,raw_tau,raw_p_value,raw_error,raw_class_normalized,class_changed
MMR001001,no pattern detected,-0.09649121761322021,0.2922360301017761,TRUE,NA,FALSE,no significant trend,57,10,1,0.17543859649122806,0.017543859649122806,FALSE,FALSE,no pattern detected,-0.09649121761322021,0.2922360301017761,NA,no pattern detected,FALSE
MMR001002,no pattern detected,-0.09022555500268936,0.324923574924469,TRUE,NA,FALSE,no significant trend,57,9,0,0.15789473684210525,0,FALSE,FALSE,sporadic hotspot,-0.09022555500268936,0.324923574924469,NA,sporadic hotspot,TRUE
MMR001003,no pattern detected,0.006265663541853428,0.950598955154419,TRUE,NA,FALSE,no significant trend,57,2,7,0.03508771929824561,0.12280701754385964,FALSE,FALSE,no pattern detected,0.006265663541853428,0.950598955154419,NA,no pattern detected,FALSE
MMR001004,oscillating hotspot,-0.24436087906360626,0.007410361431539059,TRUE,NA,TRUE,decreasing Gi*,57,5,6,0.08771929824561403,0.10526315789473684,TRUE,FALSE,oscilating hotspot,-0.24436087906360626,0.007410361431539059,NA,oscillating hotspot,FALSE
MMR001005,no pattern detected,0.12781953811645508,0.1622868776321411,TRUE,NA,FALSE,no significant trend,57,1,5,0.017543859649122806,0.08771929824561403,FALSE,FALSE,no pattern detected,0.12781953811645508,0.1622868776321411,NA,no pattern detected,FALSE
MMR001006,no pattern detected,0.21804510056972504,0.01690828800201416,TRUE,NA,TRUE,increasing Gi*,57,0,38,0,0.6666666666666666,FALSE,FALSE,sporadic coldspot,0.21804510056972504,0.01690828800201416,NA,sporadic coldspot,TRUE
MMR001007,sporadic hotspot,-0.20802003145217896,0.022693580016493797,TRUE,NA,TRUE,decreasing Gi*,57,25,0,0.43859649122807015,0,TRUE,FALSE,sporadic hotspot,-0.20802003145217896,0.022693580016493797,NA,sporadic hotspot,FALSE
MMR001008,sporadic hotspot,-0.19172930717468262,0.03576632961630821,TRUE,NA,TRUE,decreasing Gi*,57,12,0,0.21052631578947367,0,TRUE,FALSE,sporadic hotspot,-0.19172930717468262,0.03576632961630821,NA,sporadic hotspot,FALSE
MMR001009,sporadic hotspot,-0.08897242695093155,0.33173614740371704,TRUE,NA,FALSE,no significant trend,57,12,0,0.21052631578947367,0,TRUE,FALSE,sporadic hotspot,-0.08897242695093155,0.33173614740371704,NA,sporadic hotspot,FALSE
MMR001010,no pattern detected,0.015037592500448227,0.8741979598999023,TRUE,NA,FALSE,no significant trend,57,7,1,0.12280701754385964,0.017543859649122806,FALSE,FALSE,no pattern detected,0.015037592500448227,0.8741979598999023,NA,no pattern detected,FALSE
MMR001011,no pattern detected,-0.12155387550592422,0.1839856505393982,TRUE,NA,FALSE,no significant trend,57,4,1,0.07017543859649122,0.017543859649122806,FALSE,FALSE,no pattern detected,-0.12155387550592422,0.1839856505393982,NA,no pattern detected,FALSE
MMR001012,no pattern detected,0.0827067568898201,0.3671715259552002,TRUE,NA,FALSE,no significant trend,57,15,0,0.2631578947368421,0,FALSE,FALSE,sporadic hotspot,0.0827067568898201,0.3671715259552002,NA,sporadic hotspot,TRUE
MMR001013,no pattern detected,0.08145362883806229,0.3745318651199341,TRUE,NA,FALSE,no significant trend,57,8,6,0.14035087719298245,0.10526315789473684,FALSE,FALSE,no pattern detected,0.08145362883806229,0.3745318651199341,NA,no pattern detected,FALSE
MMR001014,sporadic coldspot,-0.2994987368583679,0.0010249170009046793,TRUE,NA,TRUE,decreasing Gi*,57,0,33,0,0.5789473684210527,FALSE,TRUE,sporadic coldspot,-0.2994987368583679,0.0010249170009046793,NA,sporadic coldspot,FALSE
MMR001015,oscillating coldspot,-0.36340850591659546,6.726766150677577e-5,TRUE,NA,TRUE,decreasing Gi*,57,1,23,0.017543859649122806,0.40350877192982454,FALSE,TRUE,oscilating coldspot,-0.36340850591659546,6.726766150677577e-5,NA,oscillating coldspot,FALSE
MMR001016,sporadic coldspot,-0.09273182600736618,0.31157350540161133,TRUE,NA,FALSE,no significant trend,57,0,41,0,0.7192982456140351,FALSE,TRUE,sporadic coldspot,-0.09273182600736618,0.31157350540161133,NA,sporadic coldspot,FALSE
MMR001017,no pattern detected,-0.031328316777944565,0.7358842492103577,TRUE,NA,FALSE,no significant trend,57,0,42,0,0.7368421052631579,FALSE,FALSE,sporadic coldspot,-0.031328316777944565,0.7358842492103577,NA,sporadic coldspot,TRUE
MMR001018,no pattern detected,0.09273182600736618,0.31157350540161133,TRUE,NA,FALSE,no significant trend,57,0,51,0,0.8947368421052632,FALSE,FALSE,sporadic coldspot,0.09273182600736618,0.31157350540161133,NA,sporadic coldspot,TRUE
MMR002001,no pattern detected,-0.20426063239574432,0.02526993677020073,TRUE,NA,TRUE,decreasing Gi*,57,20,4,0.3508771929824561,0.07017543859649122,FALSE,FALSE,no pattern detected,-0.20426063239574432,0.02526993677020073,NA,no pattern detected,FALSE
MMR002002,no pattern detected,-0.3558897078037262,9.495177800999954e-5,TRUE,NA,TRUE,decreasing Gi*,57,32,4,0.5614035087719298,0.07017543859649122,FALSE,FALSE,no pattern detected,-0.3558897078037262,9.495177800999954e-5,NA,no pattern detected,FALSE
MMR002003,no pattern detected,-0.20426063239574432,0.02526993677020073,TRUE,NA,TRUE,decreasing Gi*,57,21,4,0.3684210526315789,0.07017543859649122,FALSE,FALSE,no pattern detected,-0.20426063239574432,0.02526993677020073,NA,no pattern detected,FALSE
MMR002004,no pattern detected,-0.2518796920776367,0.005772648844867945,TRUE,NA,TRUE,decreasing Gi*,57,0,4,0,0.07017543859649122,FALSE,FALSE,sporadic coldspot,-0.2518796920776367,0.005772648844867945,NA,sporadic coldspot,TRUE
MMR002005,no pattern detected,-0.36340850591659546,6.726766150677577e-5,TRUE,NA,TRUE,decreasing Gi*,57,10,4,0.17543859649122806,0.07017543859649122,FALSE,FALSE,no pattern detected,-0.36340850591659546,6.726766150677577e-5,NA,no pattern detected,FALSE
MMR002006,no pattern detected,-0.3671678900718689,5.648055230267346e-5,TRUE,NA,TRUE,decreasing Gi*,57,2,1,0.03508771929824561,0.017543859649122806,FALSE,FALSE,no pattern detected,-0.3671678900718689,5.648055230267346e-5,NA,no pattern detected,FALSE
MMR002007,no pattern detected,-0.3107769191265106,6.555963191203773e-4,TRUE,NA,TRUE,decreasing Gi*,57,0,0,0,0,FALSE,FALSE,no pattern detected,-0.3107769191265106,6.555963191203773e-4,NA,no pattern detected,FALSE
MMR003001,sporadic hotspot,0.01127819437533617,0.9068398475646973,TRUE,NA,FALSE,no significant trend,57,30,0,0.5263157894736842,0,TRUE,FALSE,sporadic hotspot,0.01127819437533617,0.9068398475646973,NA,sporadic hotspot,FALSE
MMR003002,sporadic hotspot,0.06641603261232376,0.4698002338409424,TRUE,NA,FALSE,no significant trend,57,34,0,0.5964912280701754,0,TRUE,FALSE,sporadic hotspot,0.06641603261232376,0.4698002338409424,NA,sporadic hotspot,FALSE
MMR003003,no pattern detected,0.2744360566139221,0.0026276111602783203,TRUE,NA,TRUE,increasing Gi*,57,18,0,0.3157894736842105,0,FALSE,FALSE,sporadic hotspot,0.2744360566139221,0.0026276111602783203,NA,sporadic hotspot,TRUE
MMR003004,no pattern detected,0.1779448539018631,0.05139946937561035,TRUE,NA,FALSE,no significant trend,57,24,0,0.42105263157894735,0,FALSE,FALSE,sporadic hotspot,0.1779448539018631,0.05139946937561035,NA,sporadic hotspot,TRUE
MMR003005,sporadic hotspot,0.32832077145576477,3.179311752319336e-4,TRUE,NA,TRUE,increasing Gi*,57,38,0,0.6666666666666666,0,TRUE,FALSE,sporadic hotspot,0.32832077145576477,3.179311752319336e-4,NA,sporadic hotspot,FALSE
MMR003006,oscillating hotspot,0.31453630328178406,5.630254745483398e-4,TRUE,NA,TRUE,increasing Gi*,57,30,2,0.5263157894736842,0.03508771929824561,TRUE,FALSE,oscilating hotspot,0.31453630328178406,5.630254745483398e-4,NA,oscillating hotspot,FALSE
MMR003007,oscillating hotspot,0.27944859862327576,0.002189040184020996,TRUE,NA,TRUE,increasing Gi*,57,37,2,0.6491228070175439,0.03508771929824561,TRUE,FALSE,oscilating hotspot,0.27944859862327576,0.002189040184020996,NA,oscillating hotspot,FALSE
MMR004001,no pattern detected,-0.2581453323364258,0.004665548913180828,TRUE,NA,TRUE,decreasing Gi*,57,21,3,0.3684210526315789,0.05263157894736842,FALSE,FALSE,no pattern detected,-0.2581453323364258,0.004665548913180828,NA,no pattern detected,FALSE
MMR004002,no pattern detected,-0.3308270275592804,2.858592488337308e-4,TRUE,NA,TRUE,decreasing Gi*,57,27,2,0.47368421052631576,0.03508771929824561,FALSE,FALSE,no pattern detected,-0.3308270275592804,2.858592488337308e-4,NA,no pattern detected,FALSE
MMR004003,no pattern detected,-0.23433582484722137,0.01023828610777855,TRUE,NA,TRUE,decreasing Gi*,57,3,3,0.05263157894736842,0.05263157894736842,FALSE,FALSE,no pattern detected,-0.23433582484722137,0.01023828610777855,NA,no pattern detected,FALSE
MMR004004,no pattern detected,-0.1779448539018631,0.05139949545264244,TRUE,NA,FALSE,no significant trend,57,16,1,0.2807017543859649,0.017543859649122806,FALSE,FALSE,no pattern detected,-0.1779448539018631,0.05139949545264244,NA,no pattern detected,FALSE
MMR004005,no pattern detected,-0.19298243522644043,0.03457152098417282,TRUE,NA,TRUE,decreasing Gi*,57,20,1,0.3508771929824561,0.017543859649122806,FALSE,FALSE,no pattern detected,-0.19298243522644043,0.03457152098417282,NA,no pattern detected,FALSE
MMR004006,no pattern detected,-0.33583956956863403,2.3063234402798116e-4,TRUE,NA,TRUE,decreasing Gi*,57,8,4,0.14035087719298245,0.07017543859649122,FALSE,FALSE,no pattern detected,-0.33583956956863403,2.3063234402798116e-4,NA,no pattern detected,FALSE
MMR004007,no pattern detected,-0.3671678900718689,5.648055230267346e-5,TRUE,NA,TRUE,decreasing Gi*,57,15,3,0.2631578947368421,0.05263157894736842,FALSE,FALSE,no pattern detected,-0.3671678900718689,5.648055230267346e-5,NA,no pattern detected,FALSE
MMR004008,no pattern detected,-0.26691725850105286,0.003437530482187867,TRUE,NA,TRUE,decreasing Gi*,57,4,3,0.07017543859649122,0.05263157894736842,FALSE,FALSE,no pattern detected,-0.26691725850105286,0.003437530482187867,NA,no pattern detected,FALSE
MMR004009,no pattern detected,-0.24686715006828308,0.006823189090937376,TRUE,NA,TRUE,decreasing Gi*,57,10,4,0.17543859649122806,0.07017543859649122,FALSE,FALSE,no pattern detected,-0.24686715006828308,0.006823189090937376,NA,no pattern detected,FALSE
MMR005001,no pattern detected,0.09899748861789703,0.2798018455505371,TRUE,NA,FALSE,no significant trend,57,41,5,0.7192982456140351,0.08771929824561403,FALSE,FALSE,no pattern detected,0.09899748861789703,0.2798018455505371,NA,no pattern detected,FALSE
MMR005002,no pattern detected,-0.04636591300368309,0.6153010725975037,TRUE,NA,FALSE,no significant trend,57,45,4,0.7894736842105263,0.07017543859649122,FALSE,FALSE,no pattern detected,-0.04636591300368309,0.6153010725975037,NA,no pattern detected,FALSE
MMR005003,no pattern detected,0.030075185000896454,0.7462856769561768,TRUE,NA,FALSE,no significant trend,57,43,3,0.7543859649122807,0.05263157894736842,FALSE,FALSE,no pattern detected,0.030075185000896454,0.7462856769561768,NA,no pattern detected,FALSE
MMR005004,no pattern detected,-0.1666666567325592,0.06811880320310593,TRUE,NA,FALSE,no significant trend,57,38,4,0.6666666666666666,0.07017543859649122,FALSE,FALSE,no pattern detected,-0.1666666567325592,0.06811880320310593,NA,no pattern detected,FALSE
MMR005005,oscillating hotspot,-0.005012530833482742,0.9615672826766968,TRUE,NA,FALSE,no significant trend,57,46,4,0.8070175438596491,0.07017543859649122,TRUE,FALSE,oscilating hotspot,-0.005012530833482742,0.9615672826766968,NA,oscillating hotspot,FALSE
MMR005006,consecutive hotspot,0.026315787807106972,0.7777612209320068,TRUE,NA,FALSE,no significant trend,57,48,4,0.8421052631578947,0.07017543859649122,TRUE,FALSE,oscilating hotspot,0.026315787807106972,0.7777612209320068,NA,oscillating hotspot,TRUE
MMR005007,no pattern detected,-0.2005012333393097,0.028095675632357597,TRUE,NA,TRUE,decreasing Gi*,57,34,4,0.5964912280701754,0.07017543859649122,FALSE,FALSE,no pattern detected,-0.2005012333393097,0.028095675632357597,NA,no pattern detected,FALSE
MMR005008,no pattern detected,-0.25689220428466797,0.004870225675404072,TRUE,NA,TRUE,decreasing Gi*,57,10,5,0.17543859649122806,0.08771929824561403,FALSE,FALSE,no pattern detected,-0.25689220428466797,0.004870225675404072,NA,no pattern detected,FALSE
MMR005009,no pattern detected,-0.38721802830696106,2.1632842617691495e-5,TRUE,NA,TRUE,decreasing Gi*,57,39,4,0.6842105263157895,0.07017543859649122,FALSE,FALSE,no pattern detected,-0.38721802830696106,2.1632842617691495e-5,NA,no pattern detected,FALSE
MMR005010,oscillating hotspot,-0.23057642579078674,0.011524717323482037,TRUE,NA,TRUE,decreasing Gi*,57,38,4,0.6666666666666666,0.07017543859649122,TRUE,FALSE,oscilating hotspot,-0.23057642579078674,0.011524717323482037,NA,oscillating hotspot,FALSE
MMR005011,no pattern detected,-0.2631578743457794,0.003922439180314541,TRUE,NA,TRUE,decreasing Gi*,57,21,4,0.3684210526315789,0.07017543859649122,FALSE,FALSE,no pattern detected,-0.2631578743457794,0.003922439180314541,NA,no pattern detected,FALSE
MMR005012,oscillating hotspot,-0.16791978478431702,0.06606420874595642,TRUE,NA,FALSE,no significant trend,57,44,3,0.7719298245614035,0.05263157894736842,TRUE,FALSE,oscilating hotspot,-0.16791978478431702,0.06606420874595642,NA,oscillating hotspot,FALSE
MMR005013,oscillating hotspot,-0.38721802830696106,2.1632842617691495e-5,TRUE,NA,TRUE,decreasing Gi*,57,44,3,0.7719298245614035,0.05263157894736842,TRUE,FALSE,oscilating hotspot,-0.38721802830696106,2.1632842617691495e-5,NA,oscillating hotspot,FALSE
MMR005014,oscillating hotspot,-0.12656641006469727,0.16646453738212585,TRUE,NA,FALSE,no significant trend,57,44,4,0.7719298245614035,0.07017543859649122,TRUE,FALSE,oscilating hotspot,-0.12656641006469727,0.16646453738212585,NA,oscillating hotspot,FALSE
MMR005015,no pattern detected,-0.12781953811645508,0.1622869074344635,TRUE,NA,FALSE,no significant trend,57,45,3,0.7894736842105263,0.05263157894736842,FALSE,FALSE,no pattern detected,-0.12781953811645508,0.1622869074344635,NA,no pattern detected,FALSE
MMR005016,oscillating hotspot,-0.33834582567214966,2.069364709313959e-4,TRUE,NA,TRUE,decreasing Gi*,57,47,3,0.8245614035087719,0.05263157894736842,TRUE,FALSE,oscilating hotspot,-0.33834582567214966,2.069364709313959e-4,NA,oscillating hotspot,FALSE
MMR005017,no pattern detected,-0.38596487045288086,2.300133382959757e-5,TRUE,NA,TRUE,decreasing Gi*,57,36,3,0.631578947368421,0.05263157894736842,FALSE,FALSE,no pattern detected,-0.38596487045288086,2.300133382959757e-5,NA,no pattern detected,FALSE
MMR005018,consecutive hotspot,-0.15789473056793213,0.08401580899953842,TRUE,NA,FALSE,no significant trend,57,49,3,0.8596491228070176,0.05263157894736842,TRUE,FALSE,oscilating hotspot,-0.15789473056793213,0.08401580899953842,NA,oscillating hotspot,TRUE
MMR005019,oscillating hotspot,-0.21929822862148285,0.016285063698887825,TRUE,NA,TRUE,decreasing Gi*,57,47,3,0.8245614035087719,0.05263157894736842,TRUE,FALSE,oscilating hotspot,-0.21929822862148285,0.016285063698887825,NA,oscillating hotspot,FALSE
MMR005020,no pattern detected,-0.32581451535224915,3.5329555976204574e-4,TRUE,NA,TRUE,decreasing Gi*,57,11,3,0.19298245614035087,0.05263157894736842,FALSE,FALSE,no pattern detected,-0.32581451535224915,3.5329555976204574e-4,NA,no pattern detected,FALSE
MMR005021,no pattern detected,-0.24185462296009064,0.008042464964091778,TRUE,NA,TRUE,decreasing Gi*,57,11,3,0.19298245614035087,0.05263157894736842,FALSE,FALSE,no pattern detected,-0.24185462296009064,0.008042464964091778,NA,no pattern detected,FALSE
MMR005022,no pattern detected,-0.0012531327083706856,0.9945075511932373,TRUE,NA,FALSE,no significant trend,57,20,5,0.3508771929824561,0.08771929824561403,FALSE,FALSE,no pattern detected,-0.0012531327083706856,0.9945075511932373,NA,no pattern detected,FALSE
MMR005023,no pattern detected,-0.052631575614213943,0.567755937576294,TRUE,NA,FALSE,no significant trend,57,2,6,0.03508771929824561,0.10526315789473684,FALSE,FALSE,no pattern detected,-0.052631575614213943,0.567755937576294,NA,no pattern detected,FALSE
MMR005024,no pattern detected,-0.07894736528396606,0.38952386379241943,TRUE,NA,FALSE,no significant trend,57,10,5,0.17543859649122806,0.08771929824561403,FALSE,FALSE,no pattern detected,-0.07894736528396606,0.38952386379241943,NA,no pattern detected,FALSE
MMR005025,no pattern detected,-0.18546365201473236,0.04228183627128601,TRUE,NA,TRUE,decreasing Gi*,57,7,9,0.12280701754385964,0.15789473684210525,FALSE,FALSE,no pattern detected,-0.18546365201473236,0.04228183627128601,NA,no pattern detected,FALSE
MMR005026,no pattern detected,-0.0827067568898201,0.3671714663505554,TRUE,NA,FALSE,no significant trend,57,1,8,0.017543859649122806,0.14035087719298245,FALSE,FALSE,no pattern detected,-0.0827067568898201,0.3671714663505554,NA,no pattern detected,FALSE
MMR005027,no pattern detected,-0.35964909195899963,7.99848057795316e-5,TRUE,NA,TRUE,decreasing Gi*,57,19,2,0.3333333333333333,0.03508771929824561,FALSE,FALSE,no pattern detected,-0.35964909195899963,7.99848057795316e-5,NA,no pattern detected,FALSE
MMR005028,no pattern detected,-0.33959898352622986,1.959648507181555e-4,TRUE,NA,TRUE,decreasing Gi*,57,13,3,0.22807017543859648,0.05263157894736842,FALSE,FALSE,no pattern detected,-0.33959898352622986,1.959648507181555e-4,NA,no pattern detected,FALSE
MMR005029,no pattern detected,-0.3771929442882538,3.5158012906322256e-5,TRUE,NA,TRUE,decreasing Gi*,57,34,2,0.5964912280701754,0.03508771929824561,FALSE,FALSE,no pattern detected,-0.3771929442882538,3.5158012906322256e-5,NA,no pattern detected,FALSE
MMR005030,no pattern detected,-0.08521302789449692,0.35272347927093506,TRUE,NA,FALSE,no significant trend,57,15,2,0.2631578947368421,0.03508771929824561,FALSE,FALSE,no pattern detected,-0.08521302789449692,0.35272347927093506,NA,no pattern detected,FALSE
MMR005031,no pattern detected,-0.12531326711177826,0.17072248458862305,TRUE,NA,FALSE,no significant trend,57,13,4,0.22807017543859648,0.07017543859649122,FALSE,FALSE,no pattern detected,-0.12531326711177826,0.17072248458862305,NA,no pattern detected,FALSE
MMR005032,no pattern detected,-0.02506265416741371,0.7883374691009521,TRUE,NA,FALSE,no significant trend,57,2,11,0.03508771929824561,0.19298245614035087,FALSE,FALSE,no pattern detected,-0.02506265416741371,0.7883374691009521,NA,no pattern detected,FALSE
MMR005033,oscillating hotspot,-0.06140350550413132,0.5043038129806519,TRUE,NA,FALSE,no significant trend,57,3,2,0.05263157894736842,0.03508771929824561,TRUE,FALSE,oscilating hotspot,-0.06140350550413132,0.5043038129806519,NA,oscillating hotspot,FALSE
MMR005034,oscillating hotspot,-0.013784459792077541,0.8850576281547546,TRUE,NA,FALSE,no significant trend,57,8,2,0.14035087719298245,0.03508771929824561,TRUE,FALSE,oscilating hotspot,-0.013784459792077541,0.8850576281547546,NA,oscillating hotspot,FALSE
MMR005035,no pattern detected,0.005012530833482742,0.9615672826766968,TRUE,NA,FALSE,no significant trend,57,1,5,0.017543859649122806,0.08771929824561403,FALSE,FALSE,no pattern detected,0.005012530833482742,0.9615672826766968,NA,no pattern detected,FALSE
MMR005036,sporadic coldspot,0.10776941478252411,0.23914027214050293,TRUE,NA,FALSE,no significant trend,57,0,40,0,0.7017543859649122,FALSE,TRUE,sporadic coldspot,0.10776941478252411,0.23914027214050293,NA,sporadic coldspot,FALSE
MMR005037,sporadic coldspot,-0.18295738101005554,0.045155830681324005,TRUE,NA,TRUE,decreasing Gi*,57,0,28,0,0.49122807017543857,FALSE,TRUE,sporadic coldspot,-0.18295738101005554,0.045155830681324005,NA,sporadic coldspot,FALSE
MMR006001,oscillating hotspot,0.3182957172393799,4.8279762268066406e-4,TRUE,NA,TRUE,increasing Gi*,57,39,3,0.6842105263157895,0.05263157894736842,TRUE,FALSE,oscilating hotspot,0.3182957172393799,4.8279762268066406e-4,NA,oscillating hotspot,FALSE
MMR006002,oscillating hotspot,0.19924810528755188,0.029096245765686035,TRUE,NA,TRUE,increasing Gi*,57,28,1,0.49122807017543857,0.017543859649122806,TRUE,FALSE,oscilating hotspot,0.19924810528755188,0.029096245765686035,NA,oscillating hotspot,FALSE
MMR006003,oscillating hotspot,0.18170425295829773,0.04665350914001465,TRUE,NA,TRUE,increasing Gi*,57,32,1,0.5614035087719298,0.017543859649122806,TRUE,FALSE,oscilating hotspot,0.18170425295829773,0.04665350914001465,NA,oscillating hotspot,FALSE
MMR006004,oscillating hotspot,0.12531326711177826,0.17072248458862305,TRUE,NA,FALSE,no significant trend,57,33,1,0.5789473684210527,0.017543859649122806,TRUE,FALSE,oscilating hotspot,0.12531326711177826,0.17072248458862305,NA,oscillating hotspot,FALSE
MMR006005,oscillating hotspot,0.4360902011394501,1.6689300537109375e-6,TRUE,NA,TRUE,increasing Gi*,57,24,3,0.42105263157894735,0.05263157894736842,TRUE,FALSE,oscilating hotspot,0.4360902011394501,1.6689300537109375e-6,NA,oscillating hotspot,FALSE
MMR006006,no pattern detected,0.5789473056793213,0,TRUE,NA,TRUE,increasing Gi*,57,7,6,0.12280701754385964,0.10526315789473684,FALSE,FALSE,no pattern detected,0.5789473056793213,0,NA,no pattern detected,FALSE
MMR006007,oscillating hotspot,0.35087716579437256,1.1909008026123047e-4,TRUE,NA,TRUE,increasing Gi*,57,38,2,0.6666666666666666,0.03508771929824561,TRUE,FALSE,oscilating hotspot,0.35087716579437256,1.1909008026123047e-4,NA,oscillating hotspot,FALSE
MMR006008,oscillating hotspot,0.357142835855484,8.96453857421875e-5,TRUE,NA,TRUE,increasing Gi*,57,31,5,0.543859649122807,0.08771929824561403,TRUE,FALSE,oscilating hotspot,0.357142835855484,8.96453857421875e-5,NA,oscillating hotspot,FALSE
MMR006009,no pattern detected,0.2719298005104065,0.002875804901123047,TRUE,NA,TRUE,increasing Gi*,57,0,1,0,0.017543859649122806,FALSE,FALSE,sporadic coldspot,0.2719298005104065,0.002875804901123047,NA,sporadic coldspot,TRUE
MMR006010,no pattern detected,0.5751879215240479,0,TRUE,NA,TRUE,increasing Gi*,57,8,8,0.14035087719298245,0.14035087719298245,FALSE,FALSE,no pattern detected,0.5751879215240479,0,NA,no pattern detected,FALSE
MMR007001,no pattern detected,0.308270663022995,7.249116897583008e-4,TRUE,NA,TRUE,increasing Gi*,57,0,26,0,0.45614035087719296,FALSE,FALSE,sporadic coldspot,0.308270663022995,7.249116897583008e-4,NA,sporadic coldspot,TRUE
MMR007002,no pattern detected,-0.15037593245506287,0.09992033988237381,TRUE,NA,FALSE,no significant trend,57,0,17,0,0.2982456140350877,FALSE,FALSE,sporadic coldspot,-0.15037593245506287,0.09992033988237381,NA,sporadic coldspot,TRUE
MMR007003,sporadic coldspot,-0.3333333134651184,2.568574564065784e-4,TRUE,NA,TRUE,decreasing Gi*,57,0,29,0,0.5087719298245614,FALSE,TRUE,sporadic coldspot,-0.3333333134651184,2.568574564065784e-4,NA,sporadic coldspot,FALSE
MMR007004,no pattern detected,0.3446114957332611,1.5735626220703125e-4,TRUE,NA,TRUE,increasing Gi*,57,3,2,0.05263157894736842,0.03508771929824561,FALSE,FALSE,no pattern detected,0.3446114957332611,1.5735626220703125e-4,NA,no pattern detected,FALSE
MMR007005,no pattern detected,0.46616536378860474,3.5762786865234375e-7,TRUE,NA,TRUE,increasing Gi*,57,9,9,0.15789473684210525,0.15789473684210525,FALSE,FALSE,no pattern detected,0.46616536378860474,3.5762786865234375e-7,NA,no pattern detected,FALSE
MMR007006,oscillating hotspot,0.562656581401825,0,TRUE,NA,TRUE,increasing Gi*,57,26,12,0.45614035087719296,0.21052631578947367,TRUE,FALSE,oscilating hotspot,0.562656581401825,0,NA,oscillating hotspot,FALSE
MMR007007,no pattern detected,0.3295738995075226,3.014802932739258e-4,TRUE,NA,TRUE,increasing Gi*,57,4,4,0.07017543859649122,0.07017543859649122,FALSE,FALSE,no pattern detected,0.3295738995075226,3.014802932739258e-4,NA,no pattern detected,FALSE
MMR007008,no pattern detected,0.39598995447158813,1.4066696166992188e-05,TRUE,NA,TRUE,increasing Gi*,57,35,0,0.6140350877192983,0,FALSE,FALSE,sporadic hotspot,0.39598995447158813,1.4066696166992188e-05,NA,sporadic hotspot,TRUE
MMR007009,no pattern detected,0.45739343762397766,4.76837158203125e-7,TRUE,NA,TRUE,increasing Gi*,57,2,7,0.03508771929824561,0.12280701754385964,FALSE,FALSE,no pattern detected,0.45739343762397766,4.76837158203125e-7,NA,no pattern detected,FALSE
MMR007010,no pattern detected,0.4624059796333313,3.5762786865234375e-7,TRUE,NA,TRUE,increasing Gi*,57,0,7,0,0.12280701754385964,FALSE,FALSE,sporadic coldspot,0.4624059796333313,3.5762786865234375e-7,NA,sporadic coldspot,TRUE
MMR007011,sporadic hotspot,0.4147869348526001,5.364418029785156e-6,TRUE,NA,TRUE,increasing Gi*,57,30,0,0.5263157894736842,0,TRUE,FALSE,sporadic hotspot,0.4147869348526001,5.364418029785156e-6,NA,sporadic hotspot,FALSE
MMR007012,no pattern detected,0.5125312805175781,0,TRUE,NA,TRUE,increasing Gi*,57,22,9,0.38596491228070173,0.15789473684210525,FALSE,FALSE,no pattern detected,0.5125312805175781,0,NA,no pattern detected,FALSE
MMR007013,no pattern detected,0.5413533449172974,0,TRUE,NA,TRUE,increasing Gi*,57,4,9,0.07017543859649122,0.15789473684210525,FALSE,FALSE,no pattern detected,0.5413533449172974,0,NA,no pattern detected,FALSE
MMR007014,no pattern detected,0.47994983196258545,1.1920928955078125e-7,TRUE,NA,TRUE,increasing Gi*,57,21,3,0.3684210526315789,0.05263157894736842,FALSE,FALSE,no pattern detected,0.47994983196258545,1.1920928955078125e-7,NA,no pattern detected,FALSE
MMR008001,no pattern detected,0.36090222001075745,7.545948028564453e-5,TRUE,NA,TRUE,increasing Gi*,57,0,25,0,0.43859649122807015,FALSE,FALSE,sporadic coldspot,0.36090222001075745,7.545948028564453e-5,NA,sporadic coldspot,TRUE
MMR008002,no pattern detected,0.5538846850395203,0,TRUE,NA,TRUE,increasing Gi*,57,3,12,0.05263157894736842,0.21052631578947367,FALSE,FALSE,no pattern detected,0.5538846850395203,0,NA,no pattern detected,FALSE
MMR008003,no pattern detected,0.19423557817935944,0.03341102600097656,TRUE,NA,TRUE,increasing Gi*,57,3,34,0.05263157894736842,0.5964912280701754,FALSE,FALSE,no pattern detected,0.19423557817935944,0.03341102600097656,NA,no pattern detected,FALSE
MMR008004,no pattern detected,0.5388470888137817,0,TRUE,NA,TRUE,increasing Gi*,57,0,5,0,0.08771929824561403,FALSE,FALSE,sporadic coldspot,0.5388470888137817,0,NA,sporadic coldspot,TRUE
MMR008005,no pattern detected,0.427318274974823,2.7418136596679688e-06,TRUE,NA,TRUE,increasing Gi*,57,0,8,0,0.14035087719298245,FALSE,FALSE,sporadic coldspot,0.427318274974823,2.7418136596679688e-06,NA,sporadic coldspot,TRUE
MMR008006,no pattern detected,0.19799497723579407,0.030127286911010742,TRUE,NA,TRUE,increasing Gi*,57,0,30,0,0.5263157894736842,FALSE,FALSE,sporadic coldspot,0.19799497723579407,0.030127286911010742,NA,sporadic coldspot,TRUE
MMR008007,no pattern detected,0.11152881383895874,0.22305631637573242,TRUE,NA,FALSE,no significant trend,57,0,13,0,0.22807017543859648,FALSE,FALSE,sporadic coldspot,0.11152881383895874,0.22305631637573242,NA,sporadic coldspot,TRUE
MMR008008,no pattern detected,0.5463658571243286,0,TRUE,NA,TRUE,increasing Gi*,57,0,25,0,0.43859649122807015,FALSE,FALSE,sporadic coldspot,0.5463658571243286,0,NA,sporadic coldspot,TRUE
MMR008009,no pattern detected,0.6441102027893066,0,TRUE,NA,TRUE,increasing Gi*,57,5,10,0.08771929824561403,0.17543859649122806,FALSE,FALSE,no pattern detected,0.6441102027893066,0,NA,no pattern detected,FALSE
MMR008010,no pattern detected,0.641603946685791,0,TRUE,NA,TRUE,increasing Gi*,57,7,17,0.12280701754385964,0.2982456140350877,FALSE,FALSE,no pattern detected,0.641603946685791,0,NA,no pattern detected,FALSE
MMR008011,no pattern detected,0.44360899925231934,1.1920928955078125e-6,TRUE,NA,TRUE,increasing Gi*,57,0,7,0,0.12280701754385964,FALSE,FALSE,sporadic coldspot,0.44360899925231934,1.1920928955078125e-6,NA,sporadic coldspot,TRUE
MMR008012,no pattern detected,0.5451127290725708,0,TRUE,NA,TRUE,increasing Gi*,57,3,20,0.05263157894736842,0.3508771929824561,FALSE,FALSE,no pattern detected,0.5451127290725708,0,NA,no pattern detected,FALSE
MMR008013,no pattern detected,0.5902255177497864,0,TRUE,NA,TRUE,increasing Gi*,57,0,28,0,0.49122807017543857,FALSE,FALSE,sporadic coldspot,0.5902255177497864,0,NA,sporadic coldspot,TRUE
MMR008014,no pattern detected,0.6340851783752441,0,TRUE,NA,TRUE,increasing Gi*,57,5,12,0.08771929824561403,0.21052631578947367,FALSE,FALSE,no pattern detected,0.6340851783752441,0,NA,no pattern detected,FALSE
MMR009001,no pattern detected,0.11654134094715118,0.202836275100708,TRUE,NA,FALSE,no significant trend,57,0,30,0,0.5263157894736842,FALSE,FALSE,sporadic coldspot,0.11654134094715118,0.202836275100708,NA,sporadic coldspot,TRUE
MMR009002,no pattern detected,0.27819547057151794,0.0022919178009033203,TRUE,NA,TRUE,increasing Gi*,57,1,10,0.017543859649122806,0.17543859649122806,FALSE,FALSE,no pattern detected,0.27819547057151794,0.0022919178009033203,NA,no pattern detected,FALSE
MMR009003,no pattern detected,0.6541352868080139,0,TRUE,NA,TRUE,increasing Gi*,57,8,7,0.14035087719298245,0.12280701754385964,FALSE,FALSE,no pattern detected,0.6541352868080139,0,NA,no pattern detected,FALSE
MMR009004,sporadic coldspot,-0.06015037000179291,0.5131338834762573,TRUE,NA,FALSE,no significant trend,57,0,42,0,0.7368421052631579,FALSE,TRUE,sporadic coldspot,-0.06015037000179291,0.5131338834762573,NA,sporadic coldspot,FALSE
MMR009005,no pattern detected,-0.008771928958594799,0.9286924600601196,TRUE,NA,FALSE,no significant trend,57,0,20,0,0.3508771929824561,FALSE,FALSE,sporadic coldspot,-0.008771928958594799,0.9286924600601196,NA,sporadic coldspot,TRUE
MMR009006,no pattern detected,0.11152881383895874,0.22305631637573242,TRUE,NA,FALSE,no significant trend,57,0,26,0,0.45614035087719296,FALSE,FALSE,sporadic coldspot,0.11152881383895874,0.22305631637573242,NA,sporadic coldspot,TRUE
MMR009007,no pattern detected,0.11403507739305496,0.21277284622192383,TRUE,NA,FALSE,no significant trend,57,1,19,0.017543859649122806,0.3333333333333333,FALSE,FALSE,no pattern detected,0.11403507739305496,0.21277284622192383,NA,no pattern detected,FALSE
MMR009008,no pattern detected,0.21052630245685577,0.021105647087097168,TRUE,NA,TRUE,increasing Gi*,57,4,19,0.07017543859649122,0.3333333333333333,FALSE,FALSE,no pattern detected,0.21052630245685577,0.021105647087097168,NA,no pattern detected,FALSE
MMR009009,no pattern detected,0.29323306679725647,0.0013055801391601563,TRUE,NA,TRUE,increasing Gi*,57,4,25,0.07017543859649122,0.43859649122807015,FALSE,FALSE,no pattern detected,0.29323306679725647,0.0013055801391601563,NA,no pattern detected,FALSE
MMR009010,no pattern detected,0.37593981623649597,3.731250762939453e-5,TRUE,NA,TRUE,increasing Gi*,57,3,6,0.05263157894736842,0.10526315789473684,FALSE,FALSE,no pattern detected,0.37593981623649597,3.731250762939453e-5,NA,no pattern detected,FALSE
MMR009011,no pattern detected,0.37593981623649597,3.731250762939453e-5,TRUE,NA,TRUE,increasing Gi*,57,7,6,0.12280701754385964,0.10526315789473684,FALSE,FALSE,no pattern detected,0.37593981623649597,3.731250762939453e-5,NA,no pattern detected,FALSE
MMR009012,no pattern detected,0.2857142686843872,0.0017353296279907227,TRUE,NA,TRUE,increasing Gi*,57,0,26,0,0.45614035087719296,FALSE,FALSE,sporadic coldspot,0.2857142686843872,0.0017353296279907227,NA,sporadic coldspot,TRUE
MMR009013,no pattern detected,0.3345864415168762,2.434253692626953e-4,TRUE,NA,TRUE,increasing Gi*,57,1,27,0.017543859649122806,0.47368421052631576,FALSE,FALSE,no pattern detected,0.3345864415168762,2.434253692626953e-4,NA,no pattern detected,FALSE
MMR009014,no pattern detected,0.39974933862686157,1.1563301086425781e-5,TRUE,NA,TRUE,increasing Gi*,57,3,20,0.05263157894736842,0.3508771929824561,FALSE,FALSE,no pattern detected,0.39974933862686157,1.1563301086425781e-5,NA,no pattern detected,FALSE
MMR009015,no pattern detected,0.3897242844104767,1.9073486328125e-5,TRUE,NA,TRUE,increasing Gi*,57,1,24,0.017543859649122806,0.42105263157894735,FALSE,FALSE,no pattern detected,0.3897242844104767,1.9073486328125e-5,NA,no pattern detected,FALSE
MMR009016,no pattern detected,0.44235584139823914,1.1920928955078125e-6,TRUE,NA,TRUE,increasing Gi*,57,0,19,0,0.3333333333333333,FALSE,FALSE,sporadic coldspot,0.44235584139823914,1.1920928955078125e-6,NA,sporadic coldspot,TRUE
MMR009017,no pattern detected,-0.028822053223848343,0.7567334175109863,TRUE,NA,FALSE,no significant trend,57,0,35,0,0.6140350877192983,FALSE,FALSE,sporadic coldspot,-0.028822053223848343,0.7567334175109863,NA,sporadic coldspot,TRUE
MMR009018,oscillating hotspot,0.21929822862148285,0.016285061836242676,TRUE,NA,TRUE,increasing Gi*,57,47,4,0.8245614035087719,0.07017543859649122,TRUE,FALSE,oscilating hotspot,0.21929822862148285,0.016285061836242676,NA,oscillating hotspot,FALSE
MMR009019,consecutive hotspot,0.12781953811645508,0.1622868776321411,TRUE,NA,FALSE,no significant trend,57,48,3,0.8421052631578947,0.05263157894736842,TRUE,FALSE,oscilating hotspot,0.12781953811645508,0.1622868776321411,NA,oscillating hotspot,TRUE
MMR009020,consecutive hotspot,-0.06015037000179291,0.5131338834762573,TRUE,NA,FALSE,no significant trend,57,49,4,0.8596491228070176,0.07017543859649122,TRUE,FALSE,oscilating hotspot,-0.06015037000179291,0.5131338834762573,NA,oscillating hotspot,TRUE
MMR009021,oscillating hotspot,-0.0952380895614624,0.2985903024673462,TRUE,NA,FALSE,no significant trend,57,46,4,0.8070175438596491,0.07017543859649122,TRUE,FALSE,oscilating hotspot,-0.0952380895614624,0.2985903024673462,NA,oscillating hotspot,FALSE
MMR009022,oscillating hotspot,0.3947368264198303,1.4901161193847656e-5,TRUE,NA,TRUE,increasing Gi*,57,34,4,0.5964912280701754,0.07017543859649122,TRUE,FALSE,oscilating hotspot,0.3947368264198303,1.4901161193847656e-5,NA,oscillating hotspot,FALSE
MMR009023,oscillating hotspot,-0.39724308252334595,1.3157045032130554e-5,TRUE,NA,TRUE,decreasing Gi*,57,43,2,0.7543859649122807,0.03508771929824561,TRUE,FALSE,oscilating hotspot,-0.39724308252334595,1.3157045032130554e-5,NA,oscillating hotspot,FALSE
MMR009024,no pattern detected,-0.33583956956863403,2.3063234402798116e-4,TRUE,NA,TRUE,decreasing Gi*,57,25,2,0.43859649122807015,0.03508771929824561,FALSE,FALSE,no pattern detected,-0.33583956956863403,2.3063234402798116e-4,NA,no pattern detected,FALSE
MMR009025,oscillating hotspot,0.032581452280282974,0.7255311012268066,TRUE,NA,FALSE,no significant trend,57,10,4,0.17543859649122806,0.07017543859649122,TRUE,FALSE,oscilating hotspot,0.032581452280282974,0.7255311012268066,NA,oscillating hotspot,FALSE
MMR010001,no pattern detected,-0.49122804403305054,7.04366271975232e-8,TRUE,NA,TRUE,decreasing Gi*,57,0,1,0,0.017543859649122806,FALSE,FALSE,sporadic coldspot,-0.49122804403305054,7.04366271975232e-8,NA,sporadic coldspot,TRUE
MMR010002,no pattern detected,-0.5350877046585083,4.307677770043483e-9,TRUE,NA,TRUE,decreasing Gi*,57,2,1,0.03508771929824561,0.017543859649122806,FALSE,FALSE,no pattern detected,-0.5350877046585083,4.307677770043483e-9,NA,no pattern detected,FALSE
MMR010003,oscillating coldspot,-0.635338306427002,3.0950561124426512e-12,TRUE,NA,TRUE,decreasing Gi*,57,3,6,0.05263157894736842,0.10526315789473684,FALSE,TRUE,oscilating coldspot,-0.635338306427002,3.0950561124426512e-12,NA,oscillating coldspot,FALSE
MMR010004,oscillating coldspot,-0.5839598774909973,1.4660832270418922e-10,TRUE,NA,TRUE,decreasing Gi*,57,3,6,0.05263157894736842,0.10526315789473684,FALSE,TRUE,oscilating coldspot,-0.5839598774909973,1.4660832270418922e-10,NA,oscillating coldspot,FALSE
MMR010005,no pattern detected,-0.5476189851760864,1.8598131923397432e-9,TRUE,NA,TRUE,decreasing Gi*,57,2,1,0.03508771929824561,0.017543859649122806,FALSE,FALSE,no pattern detected,-0.5476189851760864,1.8598131923397432e-9,NA,no pattern detected,FALSE
MMR010006,no pattern detected,-0.38471174240112305,2.4451976059935987e-5,TRUE,NA,TRUE,decreasing Gi*,57,3,3,0.05263157894736842,0.05263157894736842,FALSE,FALSE,no pattern detected,-0.38471174240112305,2.4451976059935987e-5,NA,no pattern detected,FALSE
MMR010007,no pattern detected,-0.27944859862327576,0.002189009916037321,TRUE,NA,TRUE,decreasing Gi*,57,15,2,0.2631578947368421,0.03508771929824561,FALSE,FALSE,no pattern detected,-0.27944859862327576,0.002189009916037321,NA,no pattern detected,FALSE
MMR010008,no pattern detected,0.6278194785118103,0,TRUE,NA,TRUE,increasing Gi*,57,16,4,0.2807017543859649,0.07017543859649122,FALSE,FALSE,no pattern detected,0.6278194785118103,0,NA,no pattern detected,FALSE
MMR010009,consecutive hotspot,0.6040099859237671,0,TRUE,NA,TRUE,increasing Gi*,57,36,4,0.631578947368421,0.07017543859649122,TRUE,FALSE,oscilating hotspot,0.6040099859237671,0,NA,oscillating hotspot,TRUE
MMR010010,consecutive hotspot,0.38721802830696106,2.1576881408691406e-5,TRUE,NA,TRUE,increasing Gi*,57,48,4,0.8421052631578947,0.07017543859649122,TRUE,FALSE,intensifying hotspot,0.38721802830696106,2.1576881408691406e-5,NA,intensifying hotspot,TRUE
MMR010011,sporadic hotspot,0.3320801854133606,2.709627151489258e-4,TRUE,NA,TRUE,increasing Gi*,57,20,0,0.3508771929824561,0,TRUE,FALSE,sporadic hotspot,0.3320801854133606,2.709627151489258e-4,NA,sporadic hotspot,FALSE
MMR010012,oscillating hotspot,0.3696741461753845,5.0187110900878906e-5,TRUE,NA,TRUE,increasing Gi*,57,37,3,0.6491228070175439,0.05263157894736842,TRUE,FALSE,oscilating hotspot,0.3696741461753845,5.0187110900878906e-5,NA,oscillating hotspot,FALSE
MMR010013,no pattern detected,0.4147869348526001,5.364418029785156e-6,TRUE,NA,TRUE,increasing Gi*,57,10,14,0.17543859649122806,0.24561403508771928,FALSE,FALSE,no pattern detected,0.4147869348526001,5.364418029785156e-6,NA,no pattern detected,FALSE
MMR010014,sporadic coldspot,-0.38471174240112305,2.4451976059935987e-5,TRUE,NA,TRUE,decreasing Gi*,57,0,13,0,0.22807017543859648,FALSE,TRUE,sporadic coldspot,-0.38471174240112305,2.4451976059935987e-5,NA,sporadic coldspot,FALSE
MMR010015,no pattern detected,0.3934836685657501,1.5854835510253906e-5,TRUE,NA,TRUE,increasing Gi*,57,0,8,0,0.14035087719298245,FALSE,FALSE,sporadic coldspot,0.3934836685657501,1.5854835510253906e-5,NA,sporadic coldspot,TRUE
MMR010016,no pattern detected,0.31578946113586426,0.00053501129150390625,TRUE,NA,TRUE,increasing Gi*,57,6,5,0.10526315789473684,0.08771929824561403,FALSE,FALSE,no pattern detected,0.31578946113586426,0.00053501129150390625,NA,no pattern detected,FALSE
MMR010017,no pattern detected,0.27694234251976013,0.0023992061614990234,TRUE,NA,TRUE,increasing Gi*,57,44,3,0.7719298245614035,0.05263157894736842,FALSE,FALSE,no pattern detected,0.27694234251976013,0.0023992061614990234,NA,no pattern detected,FALSE
MMR010018,oscillating hotspot,0.46992477774620056,2.384185791015625e-7,TRUE,NA,TRUE,increasing Gi*,57,40,3,0.7017543859649122,0.05263157894736842,TRUE,FALSE,oscilating hotspot,0.46992477774620056,2.384185791015625e-7,NA,oscillating hotspot,FALSE
MMR010019,no pattern detected,0.611528754234314,0,TRUE,NA,TRUE,increasing Gi*,57,17,3,0.2982456140350877,0.05263157894736842,FALSE,FALSE,no pattern detected,0.611528754234314,0,NA,no pattern detected,FALSE
MMR010020,no pattern detected,0.34085211157798767,0.00018548965454101563,TRUE,NA,TRUE,increasing Gi*,57,2,12,0.03508771929824561,0.21052631578947367,FALSE,FALSE,no pattern detected,0.34085211157798767,0.00018548965454101563,NA,no pattern detected,FALSE
MMR010021,no pattern detected,0.20676690340042114,0.02352583408355713,TRUE,NA,TRUE,increasing Gi*,57,38,3,0.6666666666666666,0.05263157894736842,FALSE,FALSE,no pattern detected,0.20676690340042114,0.02352583408355713,NA,no pattern detected,FALSE
MMR010022,no pattern detected,0.622806966304779,0,TRUE,NA,TRUE,increasing Gi*,57,12,2,0.21052631578947367,0.03508771929824561,FALSE,FALSE,no pattern detected,0.622806966304779,0,NA,no pattern detected,FALSE
MMR010023,sporadic coldspot,0.1541353315114975,0.09169125556945801,TRUE,NA,FALSE,no significant trend,57,0,32,0,0.5614035087719298,FALSE,TRUE,sporadic coldspot,0.1541353315114975,0.09169125556945801,NA,sporadic coldspot,FALSE
MMR010024,no pattern detected,0.25689220428466797,0.004870176315307617,TRUE,NA,TRUE,increasing Gi*,57,0,19,0,0.3333333333333333,FALSE,FALSE,sporadic coldspot,0.25689220428466797,0.004870176315307617,NA,sporadic coldspot,TRUE
MMR010028,no pattern detected,0.2255638986825943,0.013462185859680176,TRUE,NA,TRUE,increasing Gi*,57,0,21,0,0.3684210526315789,FALSE,FALSE,sporadic coldspot,0.2255638986825943,0.013462185859680176,NA,sporadic coldspot,TRUE
MMR010029,no pattern detected,0.4974936842918396,0,TRUE,NA,TRUE,increasing Gi*,57,1,4,0.017543859649122806,0.07017543859649122,FALSE,FALSE,no pattern detected,0.4974936842918396,0,NA,no pattern detected,FALSE
MMR010030,no pattern detected,0.09774435311555862,0.28597331047058105,TRUE,NA,FALSE,no significant trend,57,0,34,0,0.5964912280701754,FALSE,FALSE,sporadic coldspot,0.09774435311555862,0.28597331047058105,NA,sporadic coldspot,TRUE
MMR010031,no pattern detected,0.473684161901474,2.384185791015625e-7,TRUE,NA,TRUE,increasing Gi*,57,0,9,0,0.15789473684210525,FALSE,FALSE,sporadic coldspot,0.473684161901474,2.384185791015625e-7,NA,sporadic coldspot,TRUE
MMR011001,no pattern detected,-0.1428571343421936,0.11813876777887344,TRUE,NA,FALSE,no significant trend,57,0,1,0,0.017543859649122806,FALSE,FALSE,sporadic coldspot,-0.1428571343421936,0.11813876777887344,NA,sporadic coldspot,TRUE
MMR011002,sporadic hotspot,0.4536340534687042,5.9604644775390625e-07,TRUE,NA,TRUE,increasing Gi*,57,21,0,0.3684210526315789,0,TRUE,FALSE,sporadic hotspot,0.4536340534687042,5.9604644775390625e-07,NA,sporadic hotspot,FALSE
MMR011003,NA,NA,NA,FALSE,isolated township,FALSE,not testable,57,NA,NA,NA,NA,NA,NA,no pattern detected,-0.06766916811466217,0.46138274669647217,NA,no pattern detected,FALSE
MMR011004,no pattern detected,-0.01879699155688286,0.8417686820030212,TRUE,NA,FALSE,no significant trend,57,8,2,0.14035087719298245,0.03508771929824561,FALSE,FALSE,no pattern detected,-0.01879699155688286,0.8417686820030212,NA,no pattern detected,FALSE
MMR011005,no pattern detected,0.027568919584155083,0.7672258615493774,TRUE,NA,FALSE,no significant trend,57,2,1,0.03508771929824561,0.017543859649122806,FALSE,FALSE,no pattern detected,0.027568919584155083,0.7672258615493774,NA,no pattern detected,FALSE
MMR011006,oscillating hotspot,0.0588972382247448,0.5220439434051514,TRUE,NA,FALSE,no significant trend,57,17,2,0.2982456140350877,0.03508771929824561,TRUE,FALSE,oscilating hotspot,0.0588972382247448,0.5220439434051514,NA,oscillating hotspot,FALSE
MMR011007,no pattern detected,-0.22305762767791748,0.014534824527800083,TRUE,NA,TRUE,decreasing Gi*,57,6,0,0.10526315789473684,0,FALSE,FALSE,sporadic hotspot,-0.22305762767791748,0.014534824527800083,NA,sporadic hotspot,TRUE
MMR011008,no pattern detected,-0.4122806787490845,6.105898592068115e-6,TRUE,NA,TRUE,decreasing Gi*,57,0,1,0,0.017543859649122806,FALSE,FALSE,sporadic coldspot,-0.4122806787490845,6.105898592068115e-6,NA,sporadic coldspot,TRUE
MMR011009,no pattern detected,0.30075186491012573,9.759664535522461e-4,TRUE,NA,TRUE,increasing Gi*,57,16,1,0.2807017543859649,0.017543859649122806,FALSE,FALSE,no pattern detected,0.30075186491012573,9.759664535522461e-4,NA,no pattern detected,FALSE
MMR011010,no pattern detected,-0.18421050906181335,0.04369887709617615,TRUE,NA,TRUE,decreasing Gi*,57,32,0,0.5614035087719298,0,FALSE,FALSE,sporadic hotspot,-0.18421050906181335,0.04369887709617615,NA,sporadic hotspot,TRUE
MMR012001,no pattern detected,0.3909774124622345,1.800060272216797e-5,TRUE,NA,TRUE,increasing Gi*,57,6,0,0.10526315789473684,0,FALSE,FALSE,sporadic hotspot,0.3909774124622345,1.800060272216797e-5,NA,sporadic hotspot,TRUE
MMR012002,no pattern detected,0.24561402201652527,0.007111310958862305,TRUE,NA,TRUE,increasing Gi*,57,9,18,0.15789473684210525,0.3157894736842105,FALSE,FALSE,no pattern detected,0.24561402201652527,0.007111310958862305,NA,no pattern detected,FALSE
MMR012003,no pattern detected,0.1791979819536209,0.04977452754974365,TRUE,NA,TRUE,increasing Gi*,57,8,19,0.14035087719298245,0.3333333333333333,FALSE,FALSE,no pattern detected,0.1791979819536209,0.04977452754974365,NA,no pattern detected,FALSE
MMR012004,no pattern detected,0.12531326711177826,0.17072248458862305,TRUE,NA,FALSE,no significant trend,57,9,12,0.15789473684210525,0.21052631578947367,FALSE,FALSE,no pattern detected,0.12531326711177826,0.17072248458862305,NA,no pattern detected,FALSE
MMR012005,no pattern detected,0.1904761791229248,0.03699612617492676,TRUE,NA,TRUE,increasing Gi*,57,9,17,0.15789473684210525,0.2982456140350877,FALSE,FALSE,no pattern detected,0.1904761791229248,0.03699612617492676,NA,no pattern detected,FALSE
MMR012006,no pattern detected,0.2944861948490143,0.0012443065643310547,TRUE,NA,TRUE,increasing Gi*,57,9,14,0.15789473684210525,0.24561403508771928,FALSE,FALSE,no pattern detected,0.2944861948490143,0.0012443065643310547,NA,no pattern detected,FALSE
MMR012007,no pattern detected,0.24436087906360626,0.007410407066345215,TRUE,NA,TRUE,increasing Gi*,57,4,16,0.07017543859649122,0.2807017543859649,FALSE,FALSE,no pattern detected,0.24436087906360626,0.007410407066345215,NA,no pattern detected,FALSE
MMR012008,no pattern detected,0.21679195761680603,0.01755237579345703,TRUE,NA,TRUE,increasing Gi*,57,15,5,0.2631578947368421,0.08771929824561403,FALSE,FALSE,no pattern detected,0.21679195761680603,0.01755237579345703,NA,no pattern detected,FALSE
MMR012009,no pattern detected,0.2130325585603714,0.01961541175842285,TRUE,NA,TRUE,increasing Gi*,57,16,0,0.2807017543859649,0,FALSE,FALSE,sporadic hotspot,0.2130325585603714,0.01961541175842285,NA,sporadic hotspot,TRUE
MMR012010,no pattern detected,0.18170425295829773,0.04665350914001465,TRUE,NA,TRUE,increasing Gi*,57,15,14,0.2631578947368421,0.24561403508771928,FALSE,FALSE,no pattern detected,0.18170425295829773,0.04665350914001465,NA,no pattern detected,FALSE
MMR012011,oscillating hotspot,0.5062656402587891,0,TRUE,NA,TRUE,increasing Gi*,57,14,17,0.24561403508771928,0.2982456140350877,TRUE,FALSE,oscilating hotspot,0.5062656402587891,0,NA,oscillating hotspot,FALSE
MMR012012,NA,NA,NA,FALSE,isolated township,FALSE,not testable,57,NA,NA,NA,NA,NA,NA,no pattern detected,0.3107769191265106,6.556510925292969e-4,NA,no pattern detected,FALSE
MMR012013,oscillating hotspot,0.5062656402587891,0,TRUE,NA,TRUE,increasing Gi*,57,14,15,0.24561403508771928,0.2631578947368421,TRUE,FALSE,oscilating hotspot,0.5062656402587891,0,NA,oscillating hotspot,FALSE
MMR012014,no pattern detected,0.48997488617897034,1.1920928955078125e-7,TRUE,NA,TRUE,increasing Gi*,57,12,30,0.21052631578947367,0.5263157894736842,FALSE,FALSE,no pattern detected,0.48997488617897034,1.1920928955078125e-7,NA,no pattern detected,FALSE
MMR012015,no pattern detected,0.3320801854133606,2.709627151489258e-4,TRUE,NA,TRUE,increasing Gi*,57,8,38,0.14035087719298245,0.6666666666666666,FALSE,FALSE,no pattern detected,0.3320801854133606,2.709627151489258e-4,NA,no pattern detected,FALSE
MMR012016,no pattern detected,0.42230573296546936,3.5762786865234375e-6,TRUE,NA,TRUE,increasing Gi*,57,9,26,0.15789473684210525,0.45614035087719296,FALSE,FALSE,no pattern detected,0.42230573296546936,3.5762786865234375e-6,NA,no pattern detected,FALSE
MMR012017,no pattern detected,0.1766917109489441,0.05306863784790039,TRUE,NA,FALSE,no significant trend,57,7,35,0.12280701754385964,0.6140350877192983,FALSE,FALSE,no pattern detected,0.1766917109489441,0.05306863784790039,NA,no pattern detected,FALSE
MMR013001,no pattern detected,-0.5162906646728516,1.4667512537869243e-8,TRUE,NA,TRUE,decreasing Gi*,57,0,5,0,0.08771929824561403,FALSE,FALSE,sporadic coldspot,-0.5162906646728516,1.4667512537869243e-8,NA,sporadic coldspot,TRUE
MMR013002,no pattern detected,-0.473684161901474,2.02197185217301e-7,TRUE,NA,TRUE,decreasing Gi*,57,0,5,0,0.08771929824561403,FALSE,FALSE,sporadic coldspot,-0.473684161901474,2.02197185217301e-7,NA,sporadic coldspot,TRUE
MMR013003,sporadic coldspot,-0.42230573296546936,3.6069966427021427e-6,TRUE,NA,TRUE,decreasing Gi*,57,0,19,0,0.3333333333333333,FALSE,TRUE,sporadic coldspot,-0.42230573296546936,3.6069966427021427e-6,NA,sporadic coldspot,FALSE
MMR013004,oscillating coldspot,-0.48997488617897034,7.603797769206722e-8,TRUE,NA,TRUE,decreasing Gi*,57,1,34,0.017543859649122806,0.5964912280701754,FALSE,TRUE,oscilating coldspot,-0.48997488617897034,7.603797769206722e-8,NA,oscillating coldspot,FALSE
MMR013005,persistent coldspot,-0.13659146428108215,0.13522914052009583,TRUE,NA,FALSE,no significant trend,57,0,53,0,0.9298245614035088,FALSE,TRUE,persistent coldspot,-0.13659146428108215,0.13522914052009583,NA,persistent coldspot,FALSE
MMR013006,sporadic coldspot,-0.39849621057510376,1.2354034879535902e-5,TRUE,NA,TRUE,decreasing Gi*,57,0,38,0,0.6666666666666666,FALSE,TRUE,sporadic coldspot,-0.39849621057510376,1.2354034879535902e-5,NA,sporadic coldspot,FALSE
MMR013007,sporadic coldspot,-0.4611528515815735,4.200729506464995e-7,TRUE,NA,TRUE,decreasing Gi*,57,0,10,0,0.17543859649122806,FALSE,TRUE,sporadic coldspot,-0.4611528515815735,4.200729506464995e-7,NA,sporadic coldspot,FALSE
MMR013009,sporadic coldspot,-0.5313282608985901,5.522174717498274e-9,TRUE,NA,TRUE,decreasing Gi*,57,0,31,0,0.543859649122807,FALSE,TRUE,sporadic coldspot,-0.5313282608985901,5.522174717498274e-9,NA,sporadic coldspot,FALSE
MMR013010,no pattern detected,-0.50501251220703125,2.998937631559784e-8,TRUE,NA,TRUE,decreasing Gi*,57,0,26,0,0.45614035087719296,FALSE,FALSE,sporadic coldspot,-0.50501251220703125,2.998937631559784e-8,NA,sporadic coldspot,TRUE
MMR013011,no pattern detected,-0.5313282608985901,5.522174717498274e-9,TRUE,NA,TRUE,decreasing Gi*,57,0,16,0,0.2807017543859649,FALSE,FALSE,sporadic coldspot,-0.5313282608985901,5.522174717498274e-9,NA,sporadic coldspot,TRUE
MMR013012,no pattern detected,-0.4385964572429657,1.495691208219796e-6,TRUE,NA,TRUE,decreasing Gi*,57,0,7,0,0.12280701754385964,FALSE,FALSE,sporadic coldspot,-0.4385964572429657,1.495691208219796e-6,NA,sporadic coldspot,TRUE
MMR013013,no pattern detected,-0.4887217581272125,8.206961865653284e-8,TRUE,NA,TRUE,decreasing Gi*,57,0,21,0,0.3684210526315789,FALSE,FALSE,sporadic coldspot,-0.4887217581272125,8.206961865653284e-8,NA,sporadic coldspot,TRUE
MMR013014,sporadic coldspot,-0.49122804403305054,7.04366271975232e-8,TRUE,NA,TRUE,decreasing Gi*,57,0,26,0,0.45614035087719296,FALSE,TRUE,sporadic coldspot,-0.49122804403305054,7.04366271975232e-8,NA,sporadic coldspot,FALSE
MMR013015,sporadic coldspot,-0.4774435758590698,1.617911351559087e-7,TRUE,NA,TRUE,decreasing Gi*,57,0,33,0,0.5789473684210527,FALSE,TRUE,sporadic coldspot,-0.4774435758590698,1.617911351559087e-7,NA,sporadic coldspot,FALSE
MMR013016,sporadic coldspot,-0.27944859862327576,0.002189009916037321,TRUE,NA,TRUE,decreasing Gi*,57,0,28,0,0.49122807017543857,FALSE,TRUE,sporadic coldspot,-0.27944859862327576,0.002189009916037321,NA,sporadic coldspot,FALSE
MMR013017,sporadic coldspot,-0.31704258918762207,5.083001451566815e-4,TRUE,NA,TRUE,decreasing Gi*,57,0,41,0,0.7192982456140351,FALSE,TRUE,sporadic coldspot,-0.31704258918762207,5.083001451566815e-4,NA,sporadic coldspot,FALSE
MMR013018,no pattern detected,-0.5275688767433167,7.06731384525483e-9,TRUE,NA,TRUE,decreasing Gi*,57,0,25,0,0.43859649122807015,FALSE,FALSE,sporadic coldspot,-0.5275688767433167,7.06731384525483e-9,NA,sporadic coldspot,TRUE
MMR013019,no pattern detected,-0.476190447807312,1.7430430432341382e-7,TRUE,NA,TRUE,decreasing Gi*,57,0,17,0,0.2982456140350877,FALSE,FALSE,sporadic coldspot,-0.476190447807312,1.7430430432341382e-7,NA,sporadic coldspot,TRUE
MMR013020,no pattern detected,-0.45864659547805786,4.851513040193822e-7,TRUE,NA,TRUE,decreasing Gi*,57,0,6,0,0.10526315789473684,FALSE,FALSE,sporadic coldspot,-0.45864659547805786,4.851513040193822e-7,NA,sporadic coldspot,TRUE
MMR013021,no pattern detected,-0.5363408327102661,3.96393806667561e-9,TRUE,NA,TRUE,decreasing Gi*,57,0,21,0,0.3684210526315789,FALSE,FALSE,sporadic coldspot,-0.5363408327102661,3.96393806667561e-9,NA,sporadic coldspot,TRUE
MMR013022,sporadic coldspot,-0.41102755069732666,6.515811946883332e-6,TRUE,NA,TRUE,decreasing Gi*,57,0,48,0,0.8421052631578947,FALSE,TRUE,sporadic coldspot,-0.41102755069732666,6.515811946883332e-6,NA,sporadic coldspot,FALSE
MMR013023,sporadic coldspot,-0.48120296001434326,1.2924560621740966e-7,TRUE,NA,TRUE,decreasing Gi*,57,0,36,0,0.631578947368421,FALSE,TRUE,sporadic coldspot,-0.48120296001434326,1.2924560621740966e-7,NA,sporadic coldspot,FALSE
MMR013024,no pattern detected,-0.3897242844104767,1.9124849131912924e-5,TRUE,NA,TRUE,decreasing Gi*,57,0,22,0,0.38596491228070173,FALSE,FALSE,sporadic coldspot,-0.3897242844104767,1.9124849131912924e-5,NA,sporadic coldspot,TRUE
MMR013025,sporadic coldspot,-0.41102755069732666,6.515811946883332e-6,TRUE,NA,TRUE,decreasing Gi*,57,0,29,0,0.5087719298245614,FALSE,TRUE,sporadic coldspot,-0.41102755069732666,6.515811946883332e-6,NA,sporadic coldspot,FALSE
MMR013026,sporadic coldspot,-0.4022555947303772,1.0216137525276281e-5,TRUE,NA,TRUE,decreasing Gi*,57,0,37,0,0.6491228070175439,FALSE,TRUE,sporadic coldspot,-0.4022555947303772,1.0216137525276281e-5,NA,sporadic coldspot,FALSE
MMR013027,sporadic coldspot,-0.357142835855484,8.969115879153833e-5,TRUE,NA,TRUE,decreasing Gi*,57,0,44,0,0.7719298245614035,FALSE,TRUE,sporadic coldspot,-0.357142835855484,8.969115879153833e-5,NA,sporadic coldspot,FALSE
MMR013028,sporadic coldspot,-0.2731829285621643,0.002749181352555752,TRUE,NA,TRUE,decreasing Gi*,57,0,41,0,0.7192982456140351,FALSE,TRUE,sporadic coldspot,-0.2731829285621643,0.002749181352555752,NA,sporadic coldspot,FALSE
MMR013029,no pattern detected,-0.20802003145217896,0.022693580016493797,TRUE,NA,TRUE,decreasing Gi*,57,0,1,0,0.017543859649122806,FALSE,FALSE,sporadic coldspot,-0.20802003145217896,0.022693580016493797,NA,sporadic coldspot,TRUE
MMR013030,sporadic coldspot,-0.3220551013946533,4.1334310662932694e-4,TRUE,NA,TRUE,decreasing Gi*,57,0,39,0,0.6842105263157895,FALSE,TRUE,sporadic coldspot,-0.3220551013946533,4.1334310662932694e-4,NA,sporadic coldspot,FALSE
MMR013031,sporadic coldspot,-0.4135338068008423,5.720723493141122e-6,TRUE,NA,TRUE,decreasing Gi*,57,0,34,0,0.5964912280701754,FALSE,TRUE,sporadic coldspot,-0.4135338068008423,5.720723493141122e-6,NA,sporadic coldspot,FALSE
MMR013032,NA,NA,NA,FALSE,isolated township,FALSE,not testable,57,NA,NA,NA,NA,NA,NA,no pattern detected,0.23057642579078674,0.011524677276611328,NA,no pattern detected,FALSE
MMR013033,sporadic coldspot,-0.3095237910747528,6.894575199112296e-4,TRUE,NA,TRUE,decreasing Gi*,57,0,40,0,0.7017543859649122,FALSE,TRUE,sporadic coldspot,-0.3095237910747528,6.894575199112296e-4,NA,sporadic coldspot,FALSE
MMR013034,sporadic coldspot,-0.19423557817935944,0.03341098502278328,TRUE,NA,TRUE,decreasing Gi*,57,0,50,0,0.8771929824561403,FALSE,TRUE,sporadic coldspot,-0.19423557817935944,0.03341098502278328,NA,sporadic coldspot,FALSE
MMR013035,intensifying coldspot,-0.2506265342235565,0.006020625587552786,TRUE,NA,TRUE,decreasing Gi*,57,0,54,0,0.9473684210526315,FALSE,TRUE,intensifying coldspot,-0.2506265342235565,0.006020625587552786,NA,intensifying coldspot,FALSE
MMR013036,sporadic coldspot,-0.0827067568898201,0.3671714663505554,TRUE,NA,FALSE,no significant trend,57,0,46,0,0.8070175438596491,FALSE,TRUE,sporadic coldspot,-0.0827067568898201,0.3671714663505554,NA,sporadic coldspot,FALSE
MMR013037,sporadic coldspot,-0.45614030957221985,5.599018777502351e-7,TRUE,NA,TRUE,decreasing Gi*,57,0,35,0,0.6140350877192983,FALSE,TRUE,sporadic coldspot,-0.45614030957221985,5.599018777502351e-7,NA,sporadic coldspot,FALSE
MMR013038,sporadic coldspot,-0.49248117208480835,6.523588069740072e-8,TRUE,NA,TRUE,decreasing Gi*,57,0,33,0,0.5789473684210527,FALSE,TRUE,sporadic coldspot,-0.49248117208480835,6.523588069740072e-8,NA,sporadic coldspot,FALSE
MMR013039,sporadic coldspot,-0.4837092459201813,1.1117080589428951e-7,TRUE,NA,TRUE,decreasing Gi*,57,0,35,0,0.6140350877192983,FALSE,TRUE,sporadic coldspot,-0.4837092459201813,1.1117080589428951e-7,NA,sporadic coldspot,FALSE
MMR013040,no pattern detected,-0.49122804403305054,7.04366271975232e-8,TRUE,NA,TRUE,decreasing Gi*,57,1,3,0.017543859649122806,0.05263157894736842,FALSE,FALSE,no pattern detected,-0.49122804403305054,7.04366271975232e-8,NA,no pattern detected,FALSE
MMR013041,sporadic coldspot,-0.5125312805175781,1.8647229538260035e-8,TRUE,NA,TRUE,decreasing Gi*,57,0,36,0,0.631578947368421,FALSE,TRUE,sporadic coldspot,-0.5125312805175781,1.8647229538260035e-8,NA,sporadic coldspot,FALSE
MMR013042,no pattern detected,-0.5263157486915588,7.670236001899866e-9,TRUE,NA,TRUE,decreasing Gi*,57,0,25,0,0.43859649122807015,FALSE,FALSE,sporadic coldspot,-0.5263157486915588,7.670236001899866e-9,NA,sporadic coldspot,TRUE
MMR013043,sporadic coldspot,-0.41979947686195374,4.1188109207723755e-6,TRUE,NA,TRUE,decreasing Gi*,57,0,45,0,0.7894736842105263,FALSE,TRUE,sporadic coldspot,-0.41979947686195374,4.1188109207723755e-6,NA,sporadic coldspot,FALSE
MMR013044,sporadic coldspot,-0.5062656402587891,2.7718868977899547e-8,TRUE,NA,TRUE,decreasing Gi*,57,0,37,0,0.6491228070175439,FALSE,TRUE,sporadic coldspot,-0.5062656402587891,2.7718868977899547e-8,NA,sporadic coldspot,FALSE
MMR013046,sporadic coldspot,-0.5225563645362854,9.794692168441088e-9,TRUE,NA,TRUE,decreasing Gi*,57,0,20,0,0.3508771929824561,FALSE,TRUE,sporadic coldspot,-0.5225563645362854,9.794692168441088e-9,NA,sporadic coldspot,FALSE
MMR013047,no pattern detected,-0.4987468421459198,4.4332995940976616e-8,TRUE,NA,TRUE,decreasing Gi*,57,0,13,0,0.22807017543859648,FALSE,FALSE,sporadic coldspot,-0.4987468421459198,4.4332995940976616e-8,NA,sporadic coldspot,TRUE
MMR014001,no pattern detected,0.15162906050682068,0.0971142053604126,TRUE,NA,FALSE,no significant trend,57,3,23,0.05263157894736842,0.40350877192982454,FALSE,FALSE,no pattern detected,0.15162906050682068,0.0971142053604126,NA,no pattern detected,FALSE
MMR014002,no pattern detected,0.06265663355588913,0.49555444717407227,TRUE,NA,FALSE,no significant trend,57,6,4,0.10526315789473684,0.07017543859649122,FALSE,FALSE,no pattern detected,0.06265663355588913,0.49555444717407227,NA,no pattern detected,FALSE
MMR014003,no pattern detected,0.10275688767433167,0.26183366775512695,TRUE,NA,FALSE,no significant trend,57,2,27,0.03508771929824561,0.47368421052631576,FALSE,FALSE,no pattern detected,0.10275688767433167,0.26183366775512695,NA,no pattern detected,FALSE
MMR014004,no pattern detected,0.07518796622753143,0.41268491744995117,TRUE,NA,FALSE,no significant trend,57,3,7,0.05263157894736842,0.12280701754385964,FALSE,FALSE,no pattern detected,0.07518796622753143,0.41268491744995117,NA,no pattern detected,FALSE
MMR014005,sporadic coldspot,0.12781953811645508,0.1622868776321411,TRUE,NA,FALSE,no significant trend,57,0,25,0,0.43859649122807015,FALSE,TRUE,sporadic coldspot,0.12781953811645508,0.1622868776321411,NA,sporadic coldspot,FALSE
MMR014006,no pattern detected,0.12280701100826263,0.1794823408126831,TRUE,NA,FALSE,no significant trend,57,0,20,0,0.3508771929824561,FALSE,FALSE,sporadic coldspot,0.12280701100826263,0.1794823408126831,NA,sporadic coldspot,TRUE
MMR014007,no pattern detected,0.13533833622932434,0.13886594772338867,TRUE,NA,FALSE,no significant trend,57,0,24,0,0.42105263157894735,FALSE,FALSE,sporadic coldspot,0.13533833622932434,0.13886594772338867,NA,sporadic coldspot,TRUE
MMR014008,oscillating hotspot,0.19298243522644043,0.03457152843475342,TRUE,NA,TRUE,increasing Gi*,57,12,9,0.21052631578947367,0.15789473684210525,TRUE,FALSE,oscilating hotspot,0.19298243522644043,0.03457152843475342,NA,oscillating hotspot,FALSE
MMR014009,sporadic coldspot,0.12531326711177826,0.17072248458862305,TRUE,NA,FALSE,no significant trend,57,0,9,0,0.15789473684210525,FALSE,TRUE,sporadic coldspot,0.12531326711177826,0.17072248458862305,NA,sporadic coldspot,FALSE
MMR014010,no pattern detected,-0.24185462296009064,0.008042464964091778,TRUE,NA,TRUE,decreasing Gi*,57,23,4,0.40350877192982454,0.07017543859649122,FALSE,FALSE,no pattern detected,-0.24185462296009064,0.008042464964091778,NA,no pattern detected,FALSE
MMR014011,no pattern detected,0.2944861948490143,0.0012443065643310547,TRUE,NA,TRUE,increasing Gi*,57,2,36,0.03508771929824561,0.631578947368421,FALSE,FALSE,no pattern detected,0.2944861948490143,0.0012443065643310547,NA,no pattern detected,FALSE
MMR014012,sporadic coldspot,-0.11027567833662033,0.22832930088043213,TRUE,NA,FALSE,no significant trend,57,0,40,0,0.7017543859649122,FALSE,TRUE,sporadic coldspot,-0.11027567833662033,0.22832930088043213,NA,sporadic coldspot,FALSE
MMR014013,sporadic coldspot,0.06892230361700058,0.4530501365661621,TRUE,NA,FALSE,no significant trend,57,0,50,0,0.8771929824561403,FALSE,TRUE,sporadic coldspot,0.06892230361700058,0.4530501365661621,NA,sporadic coldspot,FALSE
MMR014014,persistent coldspot,0.02005012333393097,0.8310155868530273,TRUE,NA,FALSE,no significant trend,57,0,53,0,0.9298245614035088,FALSE,TRUE,persistent coldspot,0.02005012333393097,0.8310155868530273,NA,persistent coldspot,FALSE
MMR014015,oscillating coldspot,-0.09147869050502777,0.3182026743888855,TRUE,NA,FALSE,no significant trend,57,1,34,0.017543859649122806,0.5964912280701754,FALSE,TRUE,oscilating coldspot,-0.09147869050502777,0.3182026743888855,NA,oscillating coldspot,FALSE
MMR014016,sporadic coldspot,0.02005012333393097,0.8310155868530273,TRUE,NA,FALSE,no significant trend,57,0,13,0,0.22807017543859648,FALSE,TRUE,sporadic coldspot,0.02005012333393097,0.8310155868530273,NA,sporadic coldspot,FALSE
MMR014017,persistent coldspot,0.02005012333393097,0.8310155868530273,TRUE,NA,FALSE,no significant trend,57,0,52,0,0.9122807017543859,FALSE,TRUE,persistent coldspot,0.02005012333393097,0.8310155868530273,NA,persistent coldspot,FALSE
MMR014018,oscillating coldspot,0.1779448539018631,0.05139946937561035,TRUE,NA,FALSE,no significant trend,57,1,47,0.017543859649122806,0.8245614035087719,FALSE,TRUE,oscilating coldspot,0.1779448539018631,0.05139946937561035,NA,oscillating coldspot,FALSE
MMR014019,diminishing coldspot,0.2117794305086136,0.020348548889160156,TRUE,NA,TRUE,increasing Gi*,57,0,56,0,0.9824561403508771,FALSE,TRUE,intensifying hotspot,0.2117794305086136,0.020348548889160156,NA,intensifying hotspot,TRUE
MMR014020,no pattern detected,-0.06265663355588913,0.49555444717407227,TRUE,NA,FALSE,no significant trend,57,0,14,0,0.24561403508771928,FALSE,FALSE,sporadic coldspot,-0.06265663355588913,0.49555444717407227,NA,sporadic coldspot,TRUE
MMR014021,diminishing coldspot,0.236842080950737,0.009453296661376953,TRUE,NA,TRUE,increasing Gi*,57,1,53,0.017543859649122806,0.9298245614035088,FALSE,TRUE,intensifying hotspot,0.236842080950737,0.009453296661376953,NA,intensifying hotspot,TRUE
MMR015001,oscillating coldspot,-0.07518796622753143,0.4126848578453064,TRUE,NA,FALSE,no significant trend,57,5,17,0.08771929824561403,0.2982456140350877,FALSE,TRUE,oscilating coldspot,-0.07518796622753143,0.4126848578453064,NA,oscillating coldspot,FALSE
MMR015002,no pattern detected,-0.2243107557296753,0.013989455997943878,TRUE,NA,TRUE,decreasing Gi*,57,8,0,0.14035087719298245,0,FALSE,FALSE,sporadic hotspot,-0.2243107557296753,0.013989455997943878,NA,sporadic hotspot,TRUE
MMR015003,no pattern detected,-0.04260651394724846,0.6446422338485718,TRUE,NA,FALSE,no significant trend,57,6,10,0.10526315789473684,0.17543859649122806,FALSE,FALSE,no pattern detected,-0.04260651394724846,0.6446422338485718,NA,no pattern detected,FALSE
MMR015004,oscillating coldspot,-0.0075187962502241135,0.9396399855613708,TRUE,NA,FALSE,no significant trend,57,2,38,0.03508771929824561,0.6666666666666666,FALSE,TRUE,oscilating coldspot,-0.0075187962502241135,0.9396399855613708,NA,oscillating coldspot,FALSE
MMR015005,persistent coldspot,0.15789473056793213,0.0840158462524414,TRUE,NA,FALSE,no significant trend,57,0,57,0,1,FALSE,TRUE,persistent coldspot,0.15789473056793213,0.0840158462524414,NA,persistent coldspot,FALSE
MMR015006,diminishing coldspot,0.19674183428287506,0.031189680099487305,TRUE,NA,TRUE,increasing Gi*,57,0,56,0,0.9824561403508771,FALSE,TRUE,intensifying hotspot,0.19674183428287506,0.031189680099487305,NA,intensifying hotspot,TRUE
MMR015007,diminishing coldspot,0.23057642579078674,0.011524677276611328,TRUE,NA,TRUE,increasing Gi*,57,0,56,0,0.9824561403508771,FALSE,TRUE,intensifying hotspot,0.23057642579078674,0.011524677276611328,NA,intensifying hotspot,TRUE
MMR015008,persistent coldspot,0.16917291283607483,0.06406092643737793,TRUE,NA,FALSE,no significant trend,57,0,57,0,1,FALSE,TRUE,persistent coldspot,0.16917291283607483,0.06406092643737793,NA,persistent coldspot,FALSE
MMR015009,no pattern detected,-0.5087718963623047,2.366743068193955e-8,TRUE,NA,TRUE,decreasing Gi*,57,15,1,0.2631578947368421,0.017543859649122806,FALSE,FALSE,no pattern detected,-0.5087718963623047,2.366743068193955e-8,NA,no pattern detected,FALSE
MMR015010,new coldspot,-0.5100250244140625,2.186346748089818e-8,TRUE,NA,TRUE,decreasing Gi*,57,17,1,0.2982456140350877,0.017543859649122806,FALSE,TRUE,oscilating coldspot,-0.5100250244140625,2.186346748089818e-8,NA,oscillating coldspot,TRUE
MMR015011,oscillating coldspot,-0.4837092459201813,1.1117080589428951e-7,TRUE,NA,TRUE,decreasing Gi*,57,8,3,0.14035087719298245,0.05263157894736842,FALSE,TRUE,oscilating coldspot,-0.4837092459201813,1.1117080589428951e-7,NA,oscillating coldspot,FALSE
MMR015012,sporadic hotspot,0.1904761791229248,0.03699612617492676,TRUE,NA,TRUE,increasing Gi*,57,17,0,0.2982456140350877,0,TRUE,FALSE,sporadic hotspot,0.1904761791229248,0.03699612617492676,NA,sporadic hotspot,FALSE
MMR015013,sporadic hotspot,0.4285714030265808,2.6226043701171875e-6,TRUE,NA,TRUE,increasing Gi*,57,25,0,0.43859649122807015,0,TRUE,FALSE,sporadic hotspot,0.4285714030265808,2.6226043701171875e-6,NA,sporadic hotspot,FALSE
MMR015014,oscillating hotspot,-0.05012530833482742,0.5865625143051147,TRUE,NA,FALSE,no significant trend,57,7,9,0.12280701754385964,0.15789473684210525,TRUE,FALSE,oscilating hotspot,-0.05012530833482742,0.5865625143051147,NA,oscillating hotspot,FALSE
MMR015015,no pattern detected,-0.07268169522285461,0.4285690188407898,TRUE,NA,FALSE,no significant trend,57,7,0,0.12280701754385964,0,FALSE,FALSE,sporadic hotspot,-0.07268169522285461,0.4285690188407898,NA,sporadic hotspot,TRUE
MMR015016,oscillating hotspot,-0.05137844383716583,0.5771231651306152,TRUE,NA,FALSE,no significant trend,57,8,6,0.14035087719298245,0.10526315789473684,TRUE,FALSE,oscilating hotspot,-0.05137844383716583,0.5771231651306152,NA,oscillating hotspot,FALSE
MMR015017,sporadic hotspot,0.06892230361700058,0.4530501365661621,TRUE,NA,FALSE,no significant trend,57,10,0,0.17543859649122806,0,TRUE,FALSE,sporadic hotspot,0.06892230361700058,0.4530501365661621,NA,sporadic hotspot,FALSE
MMR015018,no pattern detected,0.1303258091211319,0.15416967868804932,TRUE,NA,FALSE,no significant trend,57,6,3,0.10526315789473684,0.05263157894736842,FALSE,FALSE,no pattern detected,0.1303258091211319,0.15416967868804932,NA,no pattern detected,FALSE
MMR015019,oscillating coldspot,-0.20551377534866333,0.024384351447224617,TRUE,NA,TRUE,decreasing Gi*,57,9,5,0.15789473684210525,0.08771929824561403,FALSE,TRUE,oscilating coldspot,-0.20551377534866333,0.024384351447224617,NA,oscillating coldspot,FALSE
MMR015020,no pattern detected,-0.2030075043439865,0.026183227077126503,TRUE,NA,TRUE,decreasing Gi*,57,7,2,0.12280701754385964,0.03508771929824561,FALSE,FALSE,no pattern detected,-0.2030075043439865,0.026183227077126503,NA,no pattern detected,FALSE
MMR015021,oscillating coldspot,0.0037593981251120567,0.9725427627563477,TRUE,NA,FALSE,no significant trend,57,5,24,0.08771929824561403,0.42105263157894735,FALSE,TRUE,oscilating coldspot,0.0037593981251120567,0.9725427627563477,NA,oscillating coldspot,FALSE
MMR015022,oscillating coldspot,-0.2481202781200409,0.006545575801283121,TRUE,NA,TRUE,decreasing Gi*,57,4,7,0.07017543859649122,0.12280701754385964,FALSE,TRUE,oscilating coldspot,-0.2481202781200409,0.006545575801283121,NA,oscillating coldspot,FALSE
MMR015023,new coldspot,-0.5162906646728516,1.4667512537869243e-8,TRUE,NA,TRUE,decreasing Gi*,57,16,1,0.2807017543859649,0.017543859649122806,FALSE,TRUE,oscilating coldspot,-0.5162906646728516,1.4667512537869243e-8,NA,oscillating coldspot,TRUE
MMR015024,persistent coldspot,0.12531326711177826,0.17072248458862305,TRUE,NA,FALSE,no significant trend,57,0,57,0,1,FALSE,TRUE,persistent coldspot,0.12531326711177826,0.17072248458862305,NA,persistent coldspot,FALSE
MMR016001,diminishing coldspot,0.2030075043439865,0.026183247566223145,TRUE,NA,TRUE,increasing Gi*,57,0,57,0,1,FALSE,TRUE,intensifying hotspot,0.2030075043439865,0.026183247566223145,NA,intensifying hotspot,TRUE
MMR016002,diminishing coldspot,0.21052630245685577,0.021105647087097168,TRUE,NA,TRUE,increasing Gi*,57,0,57,0,1,FALSE,TRUE,intensifying hotspot,0.21052630245685577,0.021105647087097168,NA,intensifying hotspot,TRUE
MMR016003,diminishing coldspot,0.20676690340042114,0.02352583408355713,TRUE,NA,TRUE,increasing Gi*,57,0,57,0,1,FALSE,TRUE,intensifying hotspot,0.20676690340042114,0.02352583408355713,NA,intensifying hotspot,TRUE
MMR016005,diminishing coldspot,0.19799497723579407,0.030127286911010742,TRUE,NA,TRUE,increasing Gi*,57,0,57,0,1,FALSE,TRUE,intensifying hotspot,0.19799497723579407,0.030127286911010742,NA,intensifying hotspot,TRUE
MMR016006,persistent coldspot,0.13408520817756653,0.14257752895355225,TRUE,NA,FALSE,no significant trend,57,0,57,0,1,FALSE,TRUE,persistent coldspot,0.13408520817756653,0.14257752895355225,NA,persistent coldspot,FALSE
MMR016007,persistent coldspot,0.15914785861968994,0.08157598972320557,TRUE,NA,FALSE,no significant trend,57,0,57,0,1,FALSE,TRUE,persistent coldspot,0.15914785861968994,0.08157598972320557,NA,persistent coldspot,FALSE
MMR016008,diminishing coldspot,0.2243107557296753,0.013989448547363281,TRUE,NA,TRUE,increasing Gi*,57,1,56,0.017543859649122806,0.9824561403508771,FALSE,TRUE,intensifying hotspot,0.2243107557296753,0.013989448547363281,NA,intensifying hotspot,TRUE
MMR016009,no pattern detected,0.11278194934129715,0.21787095069885254,TRUE,NA,FALSE,no significant trend,57,0,48,0,0.8421052631578947,FALSE,FALSE,sporadic coldspot,0.11278194934129715,0.21787095069885254,NA,sporadic coldspot,TRUE
MMR016010,persistent coldspot,0.1315789371728897,0.1502286195755005,TRUE,NA,FALSE,no significant trend,57,0,55,0,0.9649122807017544,FALSE,TRUE,persistent coldspot,0.1315789371728897,0.1502286195755005,NA,persistent coldspot,FALSE
MMR016011,persistent coldspot,0.1290726661682129,0.1581888198852539,TRUE,NA,FALSE,no significant trend,57,0,55,0,0.9649122807017544,FALSE,TRUE,persistent coldspot,0.1290726661682129,0.1581888198852539,NA,persistent coldspot,FALSE
MMR017001,no pattern detected,0.04511277750134468,0.6250163316726685,TRUE,NA,FALSE,no significant trend,57,4,32,0.07017543859649122,0.5614035087719298,FALSE,FALSE,no pattern detected,0.04511277750134468,0.6250163316726685,NA,no pattern detected,FALSE
MMR017002,sporadic coldspot,-0.06265663355588913,0.49555444717407227,TRUE,NA,FALSE,no significant trend,57,0,47,0,0.8245614035087719,FALSE,TRUE,sporadic coldspot,-0.06265663355588913,0.49555444717407227,NA,sporadic coldspot,FALSE
MMR017003,no pattern detected,0.07769422978162766,0.3971548080444336,TRUE,NA,FALSE,no significant trend,57,4,35,0.07017543859649122,0.6140350877192983,FALSE,FALSE,no pattern detected,0.07769422978162766,0.3971548080444336,NA,no pattern detected,FALSE
MMR017004,no pattern detected,-0.17293231189250946,0.058350082486867905,TRUE,NA,FALSE,no significant trend,57,2,0,0.03508771929824561,0,FALSE,FALSE,sporadic hotspot,-0.17293231189250946,0.058350082486867905,NA,sporadic hotspot,TRUE
MMR017005,no pattern detected,0.1541353315114975,0.09169125556945801,TRUE,NA,FALSE,no significant trend,57,0,44,0,0.7719298245614035,FALSE,FALSE,sporadic coldspot,0.1541353315114975,0.09169125556945801,NA,sporadic coldspot,TRUE
MMR017006,no pattern detected,0.23057642579078674,0.011524677276611328,TRUE,NA,TRUE,increasing Gi*,57,4,38,0.07017543859649122,0.6666666666666666,FALSE,FALSE,no pattern detected,0.23057642579078674,0.011524677276611328,NA,no pattern detected,FALSE
MMR017007,no pattern detected,0.1315789371728897,0.1502286195755005,TRUE,NA,FALSE,no significant trend,57,0,45,0,0.7894736842105263,FALSE,FALSE,sporadic coldspot,0.1315789371728897,0.1502286195755005,NA,sporadic coldspot,TRUE
MMR017008,sporadic coldspot,0.24185462296009064,0.008042454719543457,TRUE,NA,TRUE,increasing Gi*,57,0,44,0,0.7719298245614035,FALSE,TRUE,sporadic coldspot,0.24185462296009064,0.008042454719543457,NA,sporadic coldspot,FALSE
MMR017009,sporadic coldspot,0.3107769191265106,6.556510925292969e-4,TRUE,NA,TRUE,increasing Gi*,57,0,36,0,0.631578947368421,FALSE,TRUE,sporadic coldspot,0.3107769191265106,6.556510925292969e-4,NA,sporadic coldspot,FALSE
MMR017010,no pattern detected,0.21929822862148285,0.016285061836242676,TRUE,NA,TRUE,increasing Gi*,57,3,38,0.05263157894736842,0.6666666666666666,FALSE,FALSE,no pattern detected,0.21929822862148285,0.016285061836242676,NA,no pattern detected,FALSE
MMR017011,oscillating coldspot,0.2506265342235565,0.006020665168762207,TRUE,NA,TRUE,increasing Gi*,57,6,40,0.10526315789473684,0.7017543859649122,FALSE,TRUE,oscilating coldspot,0.2506265342235565,0.006020665168762207,NA,oscillating coldspot,FALSE
MMR017012,no pattern detected,0.22305762767791748,0.014534831047058105,TRUE,NA,TRUE,increasing Gi*,57,1,40,0.017543859649122806,0.7017543859649122,FALSE,FALSE,no pattern detected,0.22305762767791748,0.014534831047058105,NA,no pattern detected,FALSE
MMR017013,oscillating coldspot,0.3320801854133606,2.709627151489258e-4,TRUE,NA,TRUE,increasing Gi*,57,2,41,0.03508771929824561,0.7192982456140351,FALSE,TRUE,oscilating coldspot,0.3320801854133606,2.709627151489258e-4,NA,oscillating coldspot,FALSE
MMR017014,persistent coldspot,-0.02005012333393097,0.8310155272483826,TRUE,NA,FALSE,no significant trend,57,0,52,0,0.9122807017543859,FALSE,TRUE,persistent coldspot,-0.02005012333393097,0.8310155272483826,NA,persistent coldspot,FALSE
MMR017015,persistent coldspot,0.0238095223903656,0.7989529371261597,TRUE,NA,FALSE,no significant trend,57,0,54,0,0.9473684210526315,FALSE,TRUE,persistent coldspot,0.0238095223903656,0.7989529371261597,NA,persistent coldspot,FALSE
MMR017016,sporadic coldspot,-0.06015037000179291,0.5131338834762573,TRUE,NA,FALSE,no significant trend,57,0,39,0,0.6842105263157895,FALSE,TRUE,sporadic coldspot,-0.06015037000179291,0.5131338834762573,NA,sporadic coldspot,FALSE
MMR017017,persistent coldspot,-0.07268169522285461,0.4285690188407898,TRUE,NA,FALSE,no significant trend,57,0,54,0,0.9473684210526315,FALSE,TRUE,persistent coldspot,-0.07268169522285461,0.4285690188407898,NA,persistent coldspot,FALSE
MMR017018,sporadic coldspot,-0.09273182600736618,0.31157350540161133,TRUE,NA,FALSE,no significant trend,57,0,46,0,0.8070175438596491,FALSE,TRUE,sporadic coldspot,-0.09273182600736618,0.31157350540161133,NA,sporadic coldspot,FALSE
MMR017019,sporadic coldspot,-0.2268170267343521,0.012952613644301891,TRUE,NA,TRUE,decreasing Gi*,57,0,46,0,0.8070175438596491,FALSE,TRUE,sporadic coldspot,-0.2268170267343521,0.012952613644301891,NA,sporadic coldspot,FALSE
MMR017020,persistent coldspot,-0.008771928958594799,0.9286924600601196,TRUE,NA,FALSE,no significant trend,57,0,52,0,0.9122807017543859,FALSE,TRUE,persistent coldspot,-0.008771928958594799,0.9286924600601196,NA,persistent coldspot,FALSE
MMR017021,sporadic coldspot,-0.2117794305086136,0.020348604768514633,TRUE,NA,TRUE,decreasing Gi*,57,0,49,0,0.8596491228070176,FALSE,TRUE,sporadic coldspot,-0.2117794305086136,0.020348604768514633,NA,sporadic coldspot,FALSE
MMR017022,sporadic coldspot,0.028822053223848343,0.7567334175109863,TRUE,NA,FALSE,no significant trend,57,0,49,0,0.8596491228070176,FALSE,TRUE,sporadic coldspot,0.028822053223848343,0.7567334175109863,NA,sporadic coldspot,FALSE
MMR017023,sporadic coldspot,-0.13283206522464752,0.14636479318141937,TRUE,NA,FALSE,no significant trend,57,0,38,0,0.6666666666666666,FALSE,TRUE,sporadic coldspot,-0.13283206522464752,0.14636479318141937,NA,sporadic coldspot,FALSE
MMR017024,sporadic coldspot,-0.16290725767612457,0.07459983974695206,TRUE,NA,FALSE,no significant trend,57,0,36,0,0.631578947368421,FALSE,TRUE,sporadic coldspot,-0.16290725767612457,0.07459983974695206,NA,sporadic coldspot,FALSE
MMR017025,sporadic coldspot,-0.16040098667144775,0.0791940689086914,TRUE,NA,FALSE,no significant trend,57,0,49,0,0.8596491228070176,FALSE,TRUE,sporadic coldspot,-0.16040098667144775,0.0791940689086914,NA,sporadic coldspot,FALSE
MMR017026,sporadic coldspot,-0.17418545484542847,0.05654309317469597,TRUE,NA,FALSE,no significant trend,57,0,27,0,0.47368421052631576,FALSE,TRUE,sporadic coldspot,-0.17418545484542847,0.05654309317469597,NA,sporadic coldspot,FALSE
MMR018001,sporadic coldspot,0.0714285671710968,0.43664276599884033,TRUE,NA,FALSE,no significant trend,57,0,28,0,0.49122807017543857,FALSE,TRUE,sporadic coldspot,0.0714285671710968,0.43664276599884033,NA,sporadic coldspot,FALSE
MMR018002,sporadic coldspot,-0.02130325697362423,0.8202938437461853,TRUE,NA,FALSE,no significant trend,57,0,47,0,0.8245614035087719,FALSE,TRUE,sporadic coldspot,-0.02130325697362423,0.8202938437461853,NA,sporadic coldspot,FALSE
MMR018003,sporadic coldspot,-0.006265663541853428,0.950598955154419,TRUE,NA,FALSE,no significant trend,57,0,35,0,0.6140350877192983,FALSE,TRUE,sporadic coldspot,-0.006265663541853428,0.950598955154419,NA,sporadic coldspot,FALSE
MMR018004,sporadic coldspot,-0.02506265416741371,0.7883374691009521,TRUE,NA,FALSE,no significant trend,57,0,44,0,0.7719298245614035,FALSE,TRUE,sporadic coldspot,-0.02506265416741371,0.7883374691009521,NA,sporadic coldspot,FALSE
MMR018005,sporadic coldspot,-0.013784459792077541,0.8850576281547546,TRUE,NA,FALSE,no significant trend,57,0,49,0,0.8596491228070176,FALSE,TRUE,sporadic coldspot,-0.013784459792077541,0.8850576281547546,NA,sporadic coldspot,FALSE
MMR018006,sporadic coldspot,0.03884711489081383,0.6745476722717285,TRUE,NA,FALSE,no significant trend,57,0,10,0,0.17543859649122806,FALSE,TRUE,sporadic coldspot,0.03884711489081383,0.6745476722717285,NA,sporadic coldspot,FALSE
MMR018007,sporadic coldspot,0.14786966145038605,0.10572624206542969,TRUE,NA,FALSE,no significant trend,57,0,17,0,0.2982456140350877,FALSE,TRUE,sporadic coldspot,0.14786966145038605,0.10572624206542969,NA,sporadic coldspot,FALSE
MMR018008,sporadic coldspot,-0.1065162792801857,0.24467915296554565,TRUE,NA,FALSE,no significant trend,57,0,49,0,0.8596491228070176,FALSE,TRUE,sporadic coldspot,-0.1065162792801857,0.24467915296554565,NA,sporadic coldspot,FALSE
