TS_PCODE,raw_class,classification,tau,p_value
MMR001002,sporadic hotspot,no pattern detected,-0.09022555500268936,0.324923574924469
MMR001006,sporadic coldspot,no pattern detected,0.21804510056972504,0.01690828800201416
MMR001012,sporadic hotspot,no pattern detected,0.0827067568898201,0.3671715259552002
MMR001017,sporadic coldspot,no pattern detected,-0.031328316777944565,0.7358842492103577
MMR001018,sporadic coldspot,no pattern detected,0.09273182600736618,0.31157350540161133
MMR002004,sporadic coldspot,no pattern detected,-0.2518796920776367,0.005772648844867945
MMR003003,sporadic hotspot,no pattern detected,0.2744360566139221,0.0026276111602783203
MMR003004,sporadic hotspot,no pattern detected,0.1779448539018631,0.05139946937561035
MMR005006,oscilating hotspot,consecutive hotspot,0.026315787807106972,0.7777612209320068
MMR005018,oscilating hotspot,consecutive hotspot,-0.15789473056793213,0.08401580899953842
MMR006009,sporadic coldspot,no pattern detected,0.2719298005104065,0.002875804901123047
MMR007001,sporadic coldspot,no pattern detected,0.308270663022995,7.249116897583008e-4
MMR007002,sporadic coldspot,no pattern detected,-0.15037593245506287,0.09992033988237381
MMR007008,sporadic hotspot,no pattern detected,0.39598995447158813,1.4066696166992188e-05
MMR007010,sporadic coldspot,no pattern detected,0.4624059796333313,3.5762786865234375e-7
MMR008001,sporadic coldspot,no pattern detected,0.36090222001075745,7.545948028564453e-5
MMR008004,sporadic coldspot,no pattern detected,0.5388470888137817,0
MMR008005,sporadic coldspot,no pattern detected,0.427318274974823,2.7418136596679688e-06
MMR008006,sporadic coldspot,no pattern detected,0.19799497723579407,0.030127286911010742
MMR008007,sporadic coldspot,no pattern detected,0.11152881383895874,0.22305631637573242
MMR008008,sporadic coldspot,no pattern detected,0.5463658571243286,0
MMR008011,sporadic coldspot,no pattern detected,0.44360899925231934,1.1920928955078125e-6
MMR008013,sporadic coldspot,no pattern detected,0.5902255177497864,0
MMR009001,sporadic coldspot,no pattern detected,0.11654134094715118,0.202836275100708
MMR009005,sporadic coldspot,no pattern detected,-0.008771928958594799,0.9286924600601196
MMR009006,sporadic coldspot,no pattern detected,0.11152881383895874,0.22305631637573242
MMR009012,sporadic coldspot,no pattern detected,0.2857142686843872,0.0017353296279907227
MMR009016,sporadic coldspot,no pattern detected,0.44235584139823914,1.1920928955078125e-6
MMR009017,sporadic coldspot,no pattern detected,-0.028822053223848343,0.7567334175109863
MMR009019,oscilating hotspot,consecutive hotspot,0.12781953811645508,0.1622868776321411
MMR009020,oscilating hotspot,consecutive hotspot,-0.06015037000179291,0.5131338834762573
MMR010001,sporadic coldspot,no pattern detected,-0.49122804403305054,7.04366271975232e-8
MMR010009,oscilating hotspot,consecutive hotspot,0.6040099859237671,0
MMR010010,intensifying hotspot,consecutive hotspot,0.38721802830696106,2.1576881408691406e-5
MMR010015,sporadic coldspot,no pattern detected,0.3934836685657501,1.5854835510253906e-5
MMR010024,sporadic coldspot,no pattern detected,0.25689220428466797,0.004870176315307617
MMR010028,sporadic coldspot,no pattern detected,0.2255638986825943,0.013462185859680176
MMR010030,sporadic coldspot,no pattern detected,0.09774435311555862,0.28597331047058105
MMR010031,sporadic coldspot,no pattern detected,0.473684161901474,2.384185791015625e-7
MMR011001,sporadic coldspot,no pattern detected,-0.1428571343421936,0.11813876777887344
MMR011007,sporadic hotspot,no pattern detected,-0.22305762767791748,0.014534824527800083
MMR011008,sporadic coldspot,no pattern detected,-0.4122806787490845,6.105898592068115e-6
MMR011010,sporadic hotspot,no pattern detected,-0.18421050906181335,0.04369887709617615
MMR012001,sporadic hotspot,no pattern detected,0.3909774124622345,1.800060272216797e-5
MMR012009,sporadic hotspot,no pattern detected,0.2130325585603714,0.01961541175842285
MMR013001,sporadic coldspot,no pattern detected,-0.5162906646728516,1.4667512537869243e-8
MMR013002,sporadic coldspot,no pattern detected,-0.473684161901474,2.02197185217301e-7
MMR013010,sporadic coldspot,no pattern detected,-0.50501251220703125,2.998937631559784e-8
MMR013011,sporadic coldspot,no pattern detected,-0.5313282608985901,5.522174717498274e-9
MMR013012,sporadic coldspot,no pattern detected,-0.4385964572429657,1.495691208219796e-6
MMR013013,sporadic coldspot,no pattern detected,-0.4887217581272125,8.206961865653284e-8
MMR013018,sporadic coldspot,no pattern detected,-0.5275688767433167,7.06731384525483e-9
MMR013019,sporadic coldspot,no pattern detected,-0.476190447807312,1.7430430432341382e-7
MMR013020,sporadic coldspot,no pattern detected,-0.45864659547805786,4.851513040193822e-7
MMR013021,sporadic coldspot,no pattern detected,-0.5363408327102661,3.96393806667561e-9
MMR013024,sporadic coldspot,no pattern detected,-0.3897242844104767,1.9124849131912924e-5
MMR013029,sporadic coldspot,no pattern detected,-0.20802003145217896,0.022693580016493797
MMR013042,sporadic coldspot,no pattern detected,-0.5263157486915588,7.670236001899866e-9
MMR013047,sporadic coldspot,no pattern detected,-0.4987468421459198,4.4332995940976616e-8
MMR014006,sporadic coldspot,no pattern detected,0.12280701100826263,0.1794823408126831
MMR014007,sporadic coldspot,no pattern detected,0.13533833622932434,0.13886594772338867
MMR014019,intensifying hotspot,diminishing coldspot,0.2117794305086136,0.020348548889160156
MMR014020,sporadic coldspot,no pattern detected,-0.06265663355588913,0.49555444717407227
MMR014021,intensifying hotspot,diminishing coldspot,0.236842080950737,0.009453296661376953
MMR015002,sporadic hotspot,no pattern detected,-0.2243107557296753,0.013989455997943878
MMR015006,intensifying hotspot,diminishing coldspot,0.19674183428287506,0.031189680099487305
MMR015007,intensifying hotspot,diminishing coldspot,0.23057642579078674,0.011524677276611328
MMR015010,oscilating coldspot,new coldspot,-0.5100250244140625,2.186346748089818e-8
MMR015015,sporadic hotspot,no pattern detected,-0.07268169522285461,0.4285690188407898
MMR015023,oscilating coldspot,new coldspot,-0.5162906646728516,1.4667512537869243e-8
MMR016001,intensifying hotspot,diminishing coldspot,0.2030075043439865,0.026183247566223145
MMR016002,intensifying hotspot,diminishing coldspot,0.21052630245685577,0.021105647087097168
MMR016003,intensifying hotspot,diminishing coldspot,0.20676690340042114,0.02352583408355713
MMR016005,intensifying hotspot,diminishing coldspot,0.19799497723579407,0.030127286911010742
MMR016008,intensifying hotspot,diminishing coldspot,0.2243107557296753,0.013989448547363281
MMR016009,sporadic coldspot,no pattern detected,0.11278194934129715,0.21787095069885254
MMR017004,sporadic hotspot,no pattern detected,-0.17293231189250946,0.058350082486867905
MMR017005,sporadic coldspot,no pattern detected,0.1541353315114975,0.09169125556945801
MMR017007,sporadic coldspot,no pattern detected,0.1315789371728897,0.1502286195755005
