TS_PCODE,tau,p_value,trend_testable,significant_trend,trend_direction,TS,ST
MMR001001,-0.09649121761322021,0.2922360301017761,TRUE,FALSE,no significant trend,Myitkyina,Kachin
MMR001002,-0.09022555500268936,0.324923574924469,TRUE,FALSE,no significant trend,Waingmaw,Kachin
MMR001003,0.006265663541853428,0.950598955154419,TRUE,FALSE,no significant trend,Injangyang,Kachin
MMR001004,-0.24436087906360626,0.007410361431539059,TRUE,TRUE,decreasing Gi*,Tanai,Kachin
MMR001005,0.12781953811645508,0.1622868776321411,TRUE,FALSE,no significant trend,Chipwi,Kachin
MMR001006,0.21804510056972504,0.01690828800201416,TRUE,TRUE,increasing Gi*,Tsawlaw,Kachin
MMR001007,-0.20802003145217896,0.022693580016493797,TRUE,TRUE,decreasing Gi*,Mohnyin,Kachin
MMR001008,-0.19172930717468262,0.03576632961630821,TRUE,TRUE,decreasing Gi*,Mogaung,Kachin
MMR001009,-0.08897242695093155,0.33173614740371704,TRUE,FALSE,no significant trend,Hpakant,Kachin
MMR001010,0.015037592500448227,0.8741979598999023,TRUE,FALSE,no significant trend,Bhamo,Kachin
MMR001011,-0.12155387550592422,0.1839856505393982,TRUE,FALSE,no significant trend,Shwegu,Kachin
MMR001012,0.0827067568898201,0.3671715259552002,TRUE,FALSE,no significant trend,Momauk,Kachin
MMR001013,0.08145362883806229,0.3745318651199341,TRUE,FALSE,no significant trend,Mansi,Kachin
MMR001014,-0.2994987368583679,0.0010249170009046793,TRUE,TRUE,decreasing Gi*,Puta-O,Kachin
MMR001015,-0.36340850591659546,6.726766150677577e-5,TRUE,TRUE,decreasing Gi*,Sumprabum,Kachin
MMR001016,-0.09273182600736618,0.31157350540161133,TRUE,FALSE,no significant trend,Machanbaw,Kachin
MMR001017,-0.031328316777944565,0.7358842492103577,TRUE,FALSE,no significant trend,Nawngmun,Kachin
MMR001018,0.09273182600736618,0.31157350540161133,TRUE,FALSE,no significant trend,Khaunglanhpu,Kachin
MMR002001,-0.20426063239574432,0.02526993677020073,TRUE,TRUE,decreasing Gi*,Loikaw,Kayah
MMR002002,-0.3558897078037262,9.495177800999954e-5,TRUE,TRUE,decreasing Gi*,Demoso,Kayah
MMR002003,-0.20426063239574432,0.02526993677020073,TRUE,TRUE,decreasing Gi*,Hpruso,Kayah
MMR002004,-0.2518796920776367,0.005772648844867945,TRUE,TRUE,decreasing Gi*,Shadaw,Kayah
MMR002005,-0.36340850591659546,6.726766150677577e-5,TRUE,TRUE,decreasing Gi*,Bawlake,Kayah
MMR002006,-0.3671678900718689,5.648055230267346e-5,TRUE,TRUE,decreasing Gi*,Hpasawng,Kayah
MMR002007,-0.3107769191265106,6.555963191203773e-4,TRUE,TRUE,decreasing Gi*,Mese,Kayah
MMR003001,0.01127819437533617,0.9068398475646973,TRUE,FALSE,no significant trend,Hpa-An,Kayin
MMR003002,0.06641603261232376,0.4698002338409424,TRUE,FALSE,no significant trend,Hlaingbwe,Kayin
MMR003003,0.2744360566139221,0.0026276111602783203,TRUE,TRUE,increasing Gi*,Hpapun,Kayin
MMR003004,0.1779448539018631,0.05139946937561035,TRUE,FALSE,no significant trend,Thandaunggyi,Kayin
MMR003005,0.32832077145576477,3.179311752319336e-4,TRUE,TRUE,increasing Gi*,Myawaddy,Kayin
MMR003006,0.31453630328178406,5.630254745483398e-4,TRUE,TRUE,increasing Gi*,Kawkareik,Kayin
MMR003007,0.27944859862327576,0.002189040184020996,TRUE,TRUE,increasing Gi*,Kyainseikgyi,Kayin
MMR004001,-0.2581453323364258,0.004665548913180828,TRUE,TRUE,decreasing Gi*,Falam,Chin
MMR004002,-0.3308270275592804,2.858592488337308e-4,TRUE,TRUE,decreasing Gi*,Hakha,Chin
MMR004003,-0.23433582484722137,0.01023828610777855,TRUE,TRUE,decreasing Gi*,Thantlang,Chin
MMR004004,-0.1779448539018631,0.05139949545264244,TRUE,FALSE,no significant trend,Tedim,Chin
MMR004005,-0.19298243522644043,0.03457152098417282,TRUE,TRUE,decreasing Gi*,Tonzang,Chin
MMR004006,-0.33583956956863403,2.3063234402798116e-4,TRUE,TRUE,decreasing Gi*,Mindat,Chin
MMR004007,-0.3671678900718689,5.648055230267346e-5,TRUE,TRUE,decreasing Gi*,Matupi,Chin
MMR004008,-0.26691725850105286,0.003437530482187867,TRUE,TRUE,decreasing Gi*,Kanpetlet,Chin
MMR004009,-0.24686715006828308,0.006823189090937376,TRUE,TRUE,decreasing Gi*,Paletwa,Chin
MMR005001,0.09899748861789703,0.2798018455505371,TRUE,FALSE,no significant trend,Sagaing,Sagaing
MMR005002,-0.04636591300368309,0.6153010725975037,TRUE,FALSE,no significant trend,Myinmu,Sagaing
MMR005003,0.030075185000896454,0.7462856769561768,TRUE,FALSE,no significant trend,Myaung,Sagaing
MMR005004,-0.1666666567325592,0.06811880320310593,TRUE,FALSE,no significant trend,Shwebo,Sagaing
MMR005005,-0.005012530833482742,0.9615672826766968,TRUE,FALSE,no significant trend,Khin-U,Sagaing
MMR005006,0.026315787807106972,0.7777612209320068,TRUE,FALSE,no significant trend,Wetlet,Sagaing
MMR005007,-0.2005012333393097,0.028095675632357597,TRUE,TRUE,decreasing Gi*,Kanbalu,Sagaing
MMR005008,-0.25689220428466797,0.004870225675404072,TRUE,TRUE,decreasing Gi*,Kyunhla,Sagaing
MMR005009,-0.38721802830696106,2.1632842617691495e-5,TRUE,TRUE,decreasing Gi*,Ye-U,Sagaing
MMR005010,-0.23057642579078674,0.011524717323482037,TRUE,TRUE,decreasing Gi*,Tabayin,Sagaing
MMR005011,-0.2631578743457794,0.003922439180314541,TRUE,TRUE,decreasing Gi*,Taze,Sagaing
MMR005012,-0.16791978478431702,0.06606420874595642,TRUE,FALSE,no significant trend,Monywa,Sagaing
MMR005013,-0.38721802830696106,2.1632842617691495e-5,TRUE,TRUE,decreasing Gi*,Budalin,Sagaing
MMR005014,-0.12656641006469727,0.16646453738212585,TRUE,FALSE,no significant trend,Ayadaw,Sagaing
MMR005015,-0.12781953811645508,0.1622869074344635,TRUE,FALSE,no significant trend,Chaung-U,Sagaing
MMR005016,-0.33834582567214966,2.069364709313959e-4,TRUE,TRUE,decreasing Gi*,Yinmarbin,Sagaing
MMR005017,-0.38596487045288086,2.300133382959757e-5,TRUE,TRUE,decreasing Gi*,Kani,Sagaing
MMR005018,-0.15789473056793213,0.08401580899953842,TRUE,FALSE,no significant trend,Salingyi,Sagaing
MMR005019,-0.21929822862148285,0.016285063698887825,TRUE,TRUE,decreasing Gi*,Pale,Sagaing
MMR005020,-0.32581451535224915,3.5329555976204574e-4,TRUE,TRUE,decreasing Gi*,Katha,Sagaing
MMR005021,-0.24185462296009064,0.008042464964091778,TRUE,TRUE,decreasing Gi*,Indaw,Sagaing
MMR005022,-0.0012531327083706856,0.9945075511932373,TRUE,FALSE,no significant trend,Tigyaing,Sagaing
MMR005023,-0.052631575614213943,0.567755937576294,TRUE,FALSE,no significant trend,Banmauk,Sagaing
MMR005024,-0.07894736528396606,0.38952386379241943,TRUE,FALSE,no significant trend,Kawlin,Sagaing
MMR005025,-0.18546365201473236,0.04228183627128601,TRUE,TRUE,decreasing Gi*,Wuntho,Sagaing
MMR005026,-0.0827067568898201,0.3671714663505554,TRUE,FALSE,no significant trend,Pinlebu,Sagaing
MMR005027,-0.35964909195899963,7.99848057795316e-5,TRUE,TRUE,decreasing Gi*,Kale,Sagaing
MMR005028,-0.33959898352622986,1.959648507181555e-4,TRUE,TRUE,decreasing Gi*,Kalewa,Sagaing
MMR005029,-0.3771929442882538,3.5158012906322256e-5,TRUE,TRUE,decreasing Gi*,Mingin,Sagaing
MMR005030,-0.08521302789449692,0.35272347927093506,TRUE,FALSE,no significant trend,Tamu,Sagaing
MMR005031,-0.12531326711177826,0.17072248458862305,TRUE,FALSE,no significant trend,Mawlaik,Sagaing
MMR005032,-0.02506265416741371,0.7883374691009521,TRUE,FALSE,no significant trend,Paungbyin,Sagaing
MMR005033,-0.06140350550413132,0.5043038129806519,TRUE,FALSE,no significant trend,Hkamti,Sagaing
MMR005034,-0.013784459792077541,0.8850576281547546,TRUE,FALSE,no significant trend,Homalin,Sagaing
MMR005035,0.005012530833482742,0.9615672826766968,TRUE,FALSE,no significant trend,Layshi,Sagaing
MMR005036,0.10776941478252411,0.23914027214050293,TRUE,FALSE,no significant trend,Lahe,Sagaing
MMR005037,-0.18295738101005554,0.045155830681324005,TRUE,TRUE,decreasing Gi*,Nanyun,Sagaing
MMR006001,0.3182957172393799,4.8279762268066406e-4,TRUE,TRUE,increasing Gi*,Dawei,Tanintharyi
MMR006002,0.19924810528755188,0.029096245765686035,TRUE,TRUE,increasing Gi*,Launglon,Tanintharyi
MMR006003,0.18170425295829773,0.04665350914001465,TRUE,TRUE,increasing Gi*,Thayetchaung,Tanintharyi
MMR006004,0.12531326711177826,0.17072248458862305,TRUE,FALSE,no significant trend,Yebyu,Tanintharyi
MMR006005,0.4360902011394501,1.6689300537109375e-6,TRUE,TRUE,increasing Gi*,Myeik,Tanintharyi
MMR006006,0.5789473056793213,0,TRUE,TRUE,increasing Gi*,Kyunsu,Tanintharyi
MMR006007,0.35087716579437256,1.1909008026123047e-4,TRUE,TRUE,increasing Gi*,Palaw,Tanintharyi
MMR006008,0.357142835855484,8.96453857421875e-5,TRUE,TRUE,increasing Gi*,Tanintharyi,Tanintharyi
MMR006009,0.2719298005104065,0.002875804901123047,TRUE,TRUE,increasing Gi*,Kawthoung,Tanintharyi
MMR006010,0.5751879215240479,0,TRUE,TRUE,increasing Gi*,Bokpyin,Tanintharyi
MMR007001,0.308270663022995,7.249116897583008e-4,TRUE,TRUE,increasing Gi*,Bago,Bago (East)
MMR007002,-0.15037593245506287,0.09992033988237381,TRUE,FALSE,no significant trend,Thanatpin,Bago (East)
MMR007003,-0.3333333134651184,2.568574564065784e-4,TRUE,TRUE,decreasing Gi*,Kawa,Bago (East)
MMR007004,0.3446114957332611,1.5735626220703125e-4,TRUE,TRUE,increasing Gi*,Waw,Bago (East)
MMR007005,0.46616536378860474,3.5762786865234375e-7,TRUE,TRUE,increasing Gi*,Nyaunglebin,Bago (East)
MMR007006,0.562656581401825,0,TRUE,TRUE,increasing Gi*,Kyauktaga,Bago (East)
MMR007007,0.3295738995075226,3.014802932739258e-4,TRUE,TRUE,increasing Gi*,Daik-U,Bago (East)
MMR007008,0.39598995447158813,1.4066696166992188e-05,TRUE,TRUE,increasing Gi*,Shwegyin,Bago (East)
MMR007009,0.45739343762397766,4.76837158203125e-7,TRUE,TRUE,increasing Gi*,Taungoo,Bago (East)
MMR007010,0.4624059796333313,3.5762786865234375e-7,TRUE,TRUE,increasing Gi*,Yedashe,Bago (East)
MMR007011,0.4147869348526001,5.364418029785156e-6,TRUE,TRUE,increasing Gi*,Kyaukkyi,Bago (East)
MMR007012,0.5125312805175781,0,TRUE,TRUE,increasing Gi*,Phyu,Bago (East)
MMR007013,0.5413533449172974,0,TRUE,TRUE,increasing Gi*,Oktwin,Bago (East)
MMR007014,0.47994983196258545,1.1920928955078125e-7,TRUE,TRUE,increasing Gi*,Htantabin,Bago (East)
MMR008001,0.36090222001075745,7.545948028564453e-5,TRUE,TRUE,increasing Gi*,Pyay,Bago (West)
MMR008002,0.5538846850395203,0,TRUE,TRUE,increasing Gi*,Paukkhaung,Bago (West)
MMR008003,0.19423557817935944,0.03341102600097656,TRUE,TRUE,increasing Gi*,Padaung,Bago (West)
MMR008004,0.5388470888137817,0,TRUE,TRUE,increasing Gi*,Paungde,Bago (West)
MMR008005,0.427318274974823,2.7418136596679688e-06,TRUE,TRUE,increasing Gi*,Thegon,Bago (West)
MMR008006,0.19799497723579407,0.030127286911010742,TRUE,TRUE,increasing Gi*,Shwedaung,Bago (West)
MMR008007,0.11152881383895874,0.22305631637573242,TRUE,FALSE,no significant trend,Thayarwady,Bago (West)
MMR008008,0.5463658571243286,0,TRUE,TRUE,increasing Gi*,Letpadan,Bago (West)
MMR008009,0.6441102027893066,0,TRUE,TRUE,increasing Gi*,Minhla,Bago (West)
MMR008010,0.641603946685791,0,TRUE,TRUE,increasing Gi*,Okpho,Bago (West)
MMR008011,0.44360899925231934,1.1920928955078125e-6,TRUE,TRUE,increasing Gi*,Zigon,Bago (West)
MMR008012,0.5451127290725708,0,TRUE,TRUE,increasing Gi*,Nattalin,Bago (West)
MMR008013,0.5902255177497864,0,TRUE,TRUE,increasing Gi*,Monyo,Bago (West)
MMR008014,0.6340851783752441,0,TRUE,TRUE,increasing Gi*,Gyobingauk,Bago (West)
MMR009001,0.11654134094715118,0.202836275100708,TRUE,FALSE,no significant trend,Magway,Magway
MMR009002,0.27819547057151794,0.0022919178009033203,TRUE,TRUE,increasing Gi*,Yenangyaung,Magway
MMR009003,0.6541352868080139,0,TRUE,TRUE,increasing Gi*,Chauk,Magway
MMR009004,-0.06015037000179291,0.5131338834762573,TRUE,FALSE,no significant trend,Taungdwingyi,Magway
MMR009005,-0.008771928958594799,0.9286924600601196,TRUE,FALSE,no significant trend,Myothit,Magway
MMR009006,0.11152881383895874,0.22305631637573242,TRUE,FALSE,no significant trend,Natmauk,Magway
MMR009007,0.11403507739305496,0.21277284622192383,TRUE,FALSE,no significant trend,Minbu,Magway
MMR009008,0.21052630245685577,0.021105647087097168,TRUE,TRUE,increasing Gi*,Pwintbyu,Magway
MMR009009,0.29323306679725647,0.0013055801391601563,TRUE,TRUE,increasing Gi*,Ngape,Magway
MMR009010,0.37593981623649597,3.731250762939453e-5,TRUE,TRUE,increasing Gi*,Salin,Magway
MMR009011,0.37593981623649597,3.731250762939453e-5,TRUE,TRUE,increasing Gi*,Sidoktaya,Magway
MMR009012,0.2857142686843872,0.0017353296279907227,TRUE,TRUE,increasing Gi*,Thayet,Magway
MMR009013,0.3345864415168762,2.434253692626953e-4,TRUE,TRUE,increasing Gi*,Minhla,Magway
MMR009014,0.39974933862686157,1.1563301086425781e-5,TRUE,TRUE,increasing Gi*,Mindon,Magway
MMR009015,0.3897242844104767,1.9073486328125e-5,TRUE,TRUE,increasing Gi*,Kamma,Magway
MMR009016,0.44235584139823914,1.1920928955078125e-6,TRUE,TRUE,increasing Gi*,Aunglan,Magway
MMR009017,-0.028822053223848343,0.7567334175109863,TRUE,FALSE,no significant trend,Sinbaungwe,Magway
MMR009018,0.21929822862148285,0.016285061836242676,TRUE,TRUE,increasing Gi*,Pakokku,Magway
MMR009019,0.12781953811645508,0.1622868776321411,TRUE,FALSE,no significant trend,Yesagyo,Magway
MMR009020,-0.06015037000179291,0.5131338834762573,TRUE,FALSE,no significant trend,Myaing,Magway
MMR009021,-0.0952380895614624,0.2985903024673462,TRUE,FALSE,no significant trend,Pauk,Magway
MMR009022,0.3947368264198303,1.4901161193847656e-5,TRUE,TRUE,increasing Gi*,Seikphyu,Magway
MMR009023,-0.39724308252334595,1.3157045032130554e-5,TRUE,TRUE,decreasing Gi*,Gangaw,Magway
MMR009024,-0.33583956956863403,2.3063234402798116e-4,TRUE,TRUE,decreasing Gi*,Tilin,Magway
MMR009025,0.032581452280282974,0.7255311012268066,TRUE,FALSE,no significant trend,Saw,Magway
MMR010001,-0.49122804403305054,7.04366271975232e-8,TRUE,TRUE,decreasing Gi*,Aungmyaythazan,Mandalay
MMR010002,-0.5350877046585083,4.307677770043483e-9,TRUE,TRUE,decreasing Gi*,Chanayethazan,Mandalay
MMR010003,-0.635338306427002,3.0950561124426512e-12,TRUE,TRUE,decreasing Gi*,Mahaaungmyay,Mandalay
MMR010004,-0.5839598774909973,1.4660832270418922e-10,TRUE,TRUE,decreasing Gi*,Chanmyathazi,Mandalay
MMR010005,-0.5476189851760864,1.8598131923397432e-9,TRUE,TRUE,decreasing Gi*,Pyigyitagon,Mandalay
MMR010006,-0.38471174240112305,2.4451976059935987e-5,TRUE,TRUE,decreasing Gi*,Amarapura,Mandalay
MMR010007,-0.27944859862327576,0.002189009916037321,TRUE,TRUE,decreasing Gi*,Patheingyi,Mandalay
MMR010008,0.6278194785118103,0,TRUE,TRUE,increasing Gi*,Pyinoolwin,Mandalay
MMR010009,0.6040099859237671,0,TRUE,TRUE,increasing Gi*,Madaya,Mandalay
MMR010010,0.38721802830696106,2.1576881408691406e-5,TRUE,TRUE,increasing Gi*,Singu,Mandalay
MMR010011,0.3320801854133606,2.709627151489258e-4,TRUE,TRUE,increasing Gi*,Mogoke,Mandalay
MMR010012,0.3696741461753845,5.0187110900878906e-5,TRUE,TRUE,increasing Gi*,Thabeikkyin,Mandalay
MMR010013,0.4147869348526001,5.364418029785156e-6,TRUE,TRUE,increasing Gi*,Kyaukse,Mandalay
MMR010014,-0.38471174240112305,2.4451976059935987e-5,TRUE,TRUE,decreasing Gi*,Sintgaing,Mandalay
MMR010015,0.3934836685657501,1.5854835510253906e-5,TRUE,TRUE,increasing Gi*,Myittha,Mandalay
MMR010016,0.31578946113586426,0.00053501129150390625,TRUE,TRUE,increasing Gi*,Tada-U,Mandalay
MMR010017,0.27694234251976013,0.0023992061614990234,TRUE,TRUE,increasing Gi*,Myingyan,Mandalay
MMR010018,0.46992477774620056,2.384185791015625e-7,TRUE,TRUE,increasing Gi*,Taungtha,Mandalay
MMR010019,0.611528754234314,0,TRUE,TRUE,increasing Gi*,Natogyi,Mandalay
MMR010020,0.34085211157798767,0.00018548965454101563,TRUE,TRUE,increasing Gi*,Kyaukpadaung,Mandalay
MMR010021,0.20676690340042114,0.02352583408355713,TRUE,TRUE,increasing Gi*,Ngazun,Mandalay
MMR010022,0.622806966304779,0,TRUE,TRUE,increasing Gi*,Nyaung-U,Mandalay
MMR010023,0.1541353315114975,0.09169125556945801,TRUE,FALSE,no significant trend,Yamethin,Mandalay
MMR010024,0.25689220428466797,0.004870176315307617,TRUE,TRUE,increasing Gi*,Pyawbwe,Mandalay
MMR010028,0.2255638986825943,0.013462185859680176,TRUE,TRUE,increasing Gi*,Meiktila,Mandalay
MMR010029,0.4974936842918396,0,TRUE,TRUE,increasing Gi*,Mahlaing,Mandalay
MMR010030,0.09774435311555862,0.28597331047058105,TRUE,FALSE,no significant trend,Thazi,Mandalay
MMR010031,0.473684161901474,2.384185791015625e-7,TRUE,TRUE,increasing Gi*,Wundwin,Mandalay
MMR011001,-0.1428571343421936,0.11813876777887344,TRUE,FALSE,no significant trend,Mawlamyine,Mon
MMR011002,0.4536340534687042,5.9604644775390625e-07,TRUE,TRUE,increasing Gi*,Kyaikmaraw,Mon
MMR011003,NA,NA,FALSE,FALSE,not testable,Chaungzon,Mon
MMR011004,-0.01879699155688286,0.8417686820030212,TRUE,FALSE,no significant trend,Thanbyuzayat,Mon
MMR011005,0.027568919584155083,0.7672258615493774,TRUE,FALSE,no significant trend,Mudon,Mon
MMR011006,0.0588972382247448,0.5220439434051514,TRUE,FALSE,no significant trend,Ye,Mon
MMR011007,-0.22305762767791748,0.014534824527800083,TRUE,TRUE,decreasing Gi*,Thaton,Mon
MMR011008,-0.4122806787490845,6.105898592068115e-6,TRUE,TRUE,decreasing Gi*,Paung,Mon
MMR011009,0.30075186491012573,9.759664535522461e-4,TRUE,TRUE,increasing Gi*,Kyaikto,Mon
MMR011010,-0.18421050906181335,0.04369887709617615,TRUE,TRUE,decreasing Gi*,Bilin,Mon
MMR012001,0.3909774124622345,1.800060272216797e-5,TRUE,TRUE,increasing Gi*,Sittwe,Rakhine
MMR012002,0.24561402201652527,0.007111310958862305,TRUE,TRUE,increasing Gi*,Ponnagyun,Rakhine
MMR012003,0.1791979819536209,0.04977452754974365,TRUE,TRUE,increasing Gi*,Mrauk-U,Rakhine
MMR012004,0.12531326711177826,0.17072248458862305,TRUE,FALSE,no significant trend,Kyauktaw,Rakhine
MMR012005,0.1904761791229248,0.03699612617492676,TRUE,TRUE,increasing Gi*,Minbya,Rakhine
MMR012006,0.2944861948490143,0.0012443065643310547,TRUE,TRUE,increasing Gi*,Myebon,Rakhine
MMR012007,0.24436087906360626,0.007410407066345215,TRUE,TRUE,increasing Gi*,Pauktaw,Rakhine
MMR012008,0.21679195761680603,0.01755237579345703,TRUE,TRUE,increasing Gi*,Rathedaung,Rakhine
MMR012009,0.2130325585603714,0.01961541175842285,TRUE,TRUE,increasing Gi*,Maungdaw,Rakhine
MMR012010,0.18170425295829773,0.04665350914001465,TRUE,TRUE,increasing Gi*,Buthidaung,Rakhine
MMR012011,0.5062656402587891,0,TRUE,TRUE,increasing Gi*,Kyaukpyu,Rakhine
MMR012012,NA,NA,FALSE,FALSE,not testable,Munaung,Rakhine
MMR012013,0.5062656402587891,0,TRUE,TRUE,increasing Gi*,Ramree,Rakhine
MMR012014,0.48997488617897034,1.1920928955078125e-7,TRUE,TRUE,increasing Gi*,Ann,Rakhine
MMR012015,0.3320801854133606,2.709627151489258e-4,TRUE,TRUE,increasing Gi*,Thandwe,Rakhine
MMR012016,0.42230573296546936,3.5762786865234375e-6,TRUE,TRUE,increasing Gi*,Toungup,Rakhine
MMR012017,0.1766917109489441,0.05306863784790039,TRUE,FALSE,no significant trend,Gwa,Rakhine
MMR013001,-0.5162906646728516,1.4667512537869243e-8,TRUE,TRUE,decreasing Gi*,Insein,Yangon
MMR013002,-0.473684161901474,2.02197185217301e-7,TRUE,TRUE,decreasing Gi*,Mingaladon,Yangon
MMR013003,-0.42230573296546936,3.6069966427021427e-6,TRUE,TRUE,decreasing Gi*,Hmawbi,Yangon
MMR013004,-0.48997488617897034,7.603797769206722e-8,TRUE,TRUE,decreasing Gi*,Hlegu,Yangon
MMR013005,-0.13659146428108215,0.13522914052009583,TRUE,FALSE,no significant trend,Taikkyi,Yangon
MMR013006,-0.39849621057510376,1.2354034879535902e-5,TRUE,TRUE,decreasing Gi*,Htantabin,Yangon
MMR013007,-0.4611528515815735,4.200729506464995e-7,TRUE,TRUE,decreasing Gi*,Shwepyithar,Yangon
MMR013009,-0.5313282608985901,5.522174717498274e-9,TRUE,TRUE,decreasing Gi*,Thingangyun,Yangon
MMR013010,-0.50501251220703125,2.998937631559784e-8,TRUE,TRUE,decreasing Gi*,Yankin,Yangon
MMR013011,-0.5313282608985901,5.522174717498274e-9,TRUE,TRUE,decreasing Gi*,South Okkalapa,Yangon
MMR013012,-0.4385964572429657,1.495691208219796e-6,TRUE,TRUE,decreasing Gi*,North Okkalapa,Yangon
MMR013013,-0.4887217581272125,8.206961865653284e-8,TRUE,TRUE,decreasing Gi*,Thaketa,Yangon
MMR013014,-0.49122804403305054,7.04366271975232e-8,TRUE,TRUE,decreasing Gi*,Dawbon,Yangon
MMR013015,-0.4774435758590698,1.617911351559087e-7,TRUE,TRUE,decreasing Gi*,Tamwe,Yangon
MMR013016,-0.27944859862327576,0.002189009916037321,TRUE,TRUE,decreasing Gi*,Pazundaung,Yangon
MMR013017,-0.31704258918762207,5.083001451566815e-4,TRUE,TRUE,decreasing Gi*,Botahtaung,Yangon
MMR013018,-0.5275688767433167,7.06731384525483e-9,TRUE,TRUE,decreasing Gi*,Dagon Myothit (South),Yangon
MMR013019,-0.476190447807312,1.7430430432341382e-7,TRUE,TRUE,decreasing Gi*,Dagon Myothit (North),Yangon
MMR013020,-0.45864659547805786,4.851513040193822e-7,TRUE,TRUE,decreasing Gi*,Dagon Myothit (East),Yangon
MMR013021,-0.5363408327102661,3.96393806667561e-9,TRUE,TRUE,decreasing Gi*,Dagon Myothit (Seikkan),Yangon
MMR013022,-0.41102755069732666,6.515811946883332e-6,TRUE,TRUE,decreasing Gi*,Mingalartaungnyunt,Yangon
MMR013023,-0.48120296001434326,1.2924560621740966e-7,TRUE,TRUE,decreasing Gi*,Thanlyin,Yangon
MMR013024,-0.3897242844104767,1.9124849131912924e-5,TRUE,TRUE,decreasing Gi*,Kyauktan,Yangon
MMR013025,-0.41102755069732666,6.515811946883332e-6,TRUE,TRUE,decreasing Gi*,Thongwa,Yangon
MMR013026,-0.4022555947303772,1.0216137525276281e-5,TRUE,TRUE,decreasing Gi*,Kayan,Yangon
MMR013027,-0.357142835855484,8.969115879153833e-5,TRUE,TRUE,decreasing Gi*,Twantay,Yangon
MMR013028,-0.2731829285621643,0.002749181352555752,TRUE,TRUE,decreasing Gi*,Kawhmu,Yangon
MMR013029,-0.20802003145217896,0.022693580016493797,TRUE,TRUE,decreasing Gi*,Kungyangon,Yangon
MMR013030,-0.3220551013946533,4.1334310662932694e-4,TRUE,TRUE,decreasing Gi*,Dala,Yangon
MMR013031,-0.4135338068008423,5.720723493141122e-6,TRUE,TRUE,decreasing Gi*,Seikgyikanaungto,Yangon
MMR013032,NA,NA,FALSE,FALSE,not testable,Cocokyun,Yangon
MMR013033,-0.3095237910747528,6.894575199112296e-4,TRUE,TRUE,decreasing Gi*,Kyauktada,Yangon
MMR013034,-0.19423557817935944,0.03341098502278328,TRUE,TRUE,decreasing Gi*,Pabedan,Yangon
MMR013035,-0.2506265342235565,0.006020625587552786,TRUE,TRUE,decreasing Gi*,Lanmadaw,Yangon
MMR013036,-0.0827067568898201,0.3671714663505554,TRUE,FALSE,no significant trend,Latha,Yangon
MMR013037,-0.45614030957221985,5.599018777502351e-7,TRUE,TRUE,decreasing Gi*,Ahlone,Yangon
MMR013038,-0.49248117208480835,6.523588069740072e-8,TRUE,TRUE,decreasing Gi*,Kyeemyindaing,Yangon
MMR013039,-0.4837092459201813,1.1117080589428951e-7,TRUE,TRUE,decreasing Gi*,Sanchaung,Yangon
MMR013040,-0.49122804403305054,7.04366271975232e-8,TRUE,TRUE,decreasing Gi*,Hlaing,Yangon
MMR013041,-0.5125312805175781,1.8647229538260035e-8,TRUE,TRUE,decreasing Gi*,Kamaryut,Yangon
MMR013042,-0.5263157486915588,7.670236001899866e-9,TRUE,TRUE,decreasing Gi*,Mayangone,Yangon
MMR013043,-0.41979947686195374,4.1188109207723755e-6,TRUE,TRUE,decreasing Gi*,Dagon,Yangon
MMR013044,-0.5062656402587891,2.7718868977899547e-8,TRUE,TRUE,decreasing Gi*,Bahan,Yangon
MMR013046,-0.5225563645362854,9.794692168441088e-9,TRUE,TRUE,decreasing Gi*,Hlaingtharya (East),Yangon
MMR013047,-0.4987468421459198,4.4332995940976616e-8,TRUE,TRUE,decreasing Gi*,Hlaingtharya (West),Yangon
MMR014001,0.15162906050682068,0.0971142053604126,TRUE,FALSE,no significant trend,Taunggyi,Shan (South)
MMR014002,0.06265663355588913,0.49555444717407227,TRUE,FALSE,no significant trend,Nyaungshwe,Shan (South)
MMR014003,0.10275688767433167,0.26183366775512695,TRUE,FALSE,no significant trend,Hopong,Shan (South)
MMR014004,0.07518796622753143,0.41268491744995117,TRUE,FALSE,no significant trend,Hsihseng,Shan (South)
MMR014005,0.12781953811645508,0.1622868776321411,TRUE,FALSE,no significant trend,Kalaw,Shan (South)
MMR014006,0.12280701100826263,0.1794823408126831,TRUE,FALSE,no significant trend,Pindaya,Shan (South)
MMR014007,0.13533833622932434,0.13886594772338867,TRUE,FALSE,no significant trend,Ywangan,Shan (South)
MMR014008,0.19298243522644043,0.03457152843475342,TRUE,TRUE,increasing Gi*,Lawksawk,Shan (South)
MMR014009,0.12531326711177826,0.17072248458862305,TRUE,FALSE,no significant trend,Pinlaung,Shan (South)
MMR014010,-0.24185462296009064,0.008042464964091778,TRUE,TRUE,decreasing Gi*,Pekon,Shan (South)
MMR014011,0.2944861948490143,0.0012443065643310547,TRUE,TRUE,increasing Gi*,Loilen,Shan (South)
MMR014012,-0.11027567833662033,0.22832930088043213,TRUE,FALSE,no significant trend,Laihka,Shan (South)
MMR014013,0.06892230361700058,0.4530501365661621,TRUE,FALSE,no significant trend,Nansang,Shan (South)
MMR014014,0.02005012333393097,0.8310155868530273,TRUE,FALSE,no significant trend,Kunhing,Shan (South)
MMR014015,-0.09147869050502777,0.3182026743888855,TRUE,FALSE,no significant trend,Kyethi,Shan (South)
MMR014016,0.02005012333393097,0.8310155868530273,TRUE,FALSE,no significant trend,Mongkaing,Shan (South)
MMR014017,0.02005012333393097,0.8310155868530273,TRUE,FALSE,no significant trend,Monghsu,Shan (South)
MMR014018,0.1779448539018631,0.05139946937561035,TRUE,FALSE,no significant trend,Langkho,Shan (South)
MMR014019,0.2117794305086136,0.020348548889160156,TRUE,TRUE,increasing Gi*,Mongnai,Shan (South)
MMR014020,-0.06265663355588913,0.49555444717407227,TRUE,FALSE,no significant trend,Mawkmai,Shan (South)
MMR014021,0.236842080950737,0.009453296661376953,TRUE,TRUE,increasing Gi*,Mongpan,Shan (South)
MMR015001,-0.07518796622753143,0.4126848578453064,TRUE,FALSE,no significant trend,Lashio,Shan (North)
MMR015002,-0.2243107557296753,0.013989455997943878,TRUE,TRUE,decreasing Gi*,Hseni,Shan (North)
MMR015003,-0.04260651394724846,0.6446422338485718,TRUE,FALSE,no significant trend,Mongyai,Shan (North)
MMR015004,-0.0075187962502241135,0.9396399855613708,TRUE,FALSE,no significant trend,Tangyan,Shan (North)
MMR015005,0.15789473056793213,0.0840158462524414,TRUE,FALSE,no significant trend,Pangsang (Panghkam),Shan (North)
MMR015006,0.19674183428287506,0.031189680099487305,TRUE,TRUE,increasing Gi*,Narphan,Shan (North)
MMR015007,0.23057642579078674,0.011524677276611328,TRUE,TRUE,increasing Gi*,Pangwaun,Shan (North)
MMR015008,0.16917291283607483,0.06406092643737793,TRUE,FALSE,no significant trend,Mongmao,Shan (North)
MMR015009,-0.5087718963623047,2.366743068193955e-8,TRUE,TRUE,decreasing Gi*,Muse,Shan (North)
MMR015010,-0.5100250244140625,2.186346748089818e-8,TRUE,TRUE,decreasing Gi*,Namhkan,Shan (North)
MMR015011,-0.4837092459201813,1.1117080589428951e-7,TRUE,TRUE,decreasing Gi*,Kutkai,Shan (North)
MMR015012,0.1904761791229248,0.03699612617492676,TRUE,TRUE,increasing Gi*,Kyaukme,Shan (North)
MMR015013,0.4285714030265808,2.6226043701171875e-6,TRUE,TRUE,increasing Gi*,Nawnghkio,Shan (North)
MMR015014,-0.05012530833482742,0.5865625143051147,TRUE,FALSE,no significant trend,Hsipaw,Shan (North)
MMR015015,-0.07268169522285461,0.4285690188407898,TRUE,FALSE,no significant trend,Namtu,Shan (North)
MMR015016,-0.05137844383716583,0.5771231651306152,TRUE,FALSE,no significant trend,Namhsan,Shan (North)
MMR015017,0.06892230361700058,0.4530501365661621,TRUE,FALSE,no significant trend,Mongmit,Shan (North)
MMR015018,0.1303258091211319,0.15416967868804932,TRUE,FALSE,no significant trend,Mabein,Shan (North)
MMR015019,-0.20551377534866333,0.024384351447224617,TRUE,TRUE,decreasing Gi*,Manton,Shan (North)
MMR015020,-0.2030075043439865,0.026183227077126503,TRUE,TRUE,decreasing Gi*,Kunlong,Shan (North)
MMR015021,0.0037593981251120567,0.9725427627563477,TRUE,FALSE,no significant trend,Hopang,Shan (North)
MMR015022,-0.2481202781200409,0.006545575801283121,TRUE,TRUE,decreasing Gi*,Laukkaing,Shan (North)
MMR015023,-0.5162906646728516,1.4667512537869243e-8,TRUE,TRUE,decreasing Gi*,Konkyan,Shan (North)
MMR015024,0.12531326711177826,0.17072248458862305,TRUE,FALSE,no significant trend,Matman,Shan (North)
MMR016001,0.2030075043439865,0.026183247566223145,TRUE,TRUE,increasing Gi*,Kengtung,Shan (East)
MMR016002,0.21052630245685577,0.021105647087097168,TRUE,TRUE,increasing Gi*,Mongkhet,Shan (East)
MMR016003,0.20676690340042114,0.02352583408355713,TRUE,TRUE,increasing Gi*,Mongyang,Shan (East)
MMR016005,0.19799497723579407,0.030127286911010742,TRUE,TRUE,increasing Gi*,Mongla,Shan (East)
MMR016006,0.13408520817756653,0.14257752895355225,TRUE,FALSE,no significant trend,Monghsat,Shan (East)
MMR016007,0.15914785861968994,0.08157598972320557,TRUE,FALSE,no significant trend,Mongping,Shan (East)
MMR016008,0.2243107557296753,0.013989448547363281,TRUE,TRUE,increasing Gi*,Mongton,Shan (East)
MMR016009,0.11278194934129715,0.21787095069885254,TRUE,FALSE,no significant trend,Tachileik,Shan (East)
MMR016010,0.1315789371728897,0.1502286195755005,TRUE,FALSE,no significant trend,Monghpyak,Shan (East)
MMR016011,0.1290726661682129,0.1581888198852539,TRUE,FALSE,no significant trend,Mongyawng,Shan (East)
MMR017001,0.04511277750134468,0.6250163316726685,TRUE,FALSE,no significant trend,Pathein,Ayeyarwady
MMR017002,-0.06265663355588913,0.49555444717407227,TRUE,FALSE,no significant trend,Kangyidaunt,Ayeyarwady
MMR017003,0.07769422978162766,0.3971548080444336,TRUE,FALSE,no significant trend,Thabaung,Ayeyarwady
MMR017004,-0.17293231189250946,0.058350082486867905,TRUE,FALSE,no significant trend,Ngapudaw,Ayeyarwady
MMR017005,0.1541353315114975,0.09169125556945801,TRUE,FALSE,no significant trend,Kyonpyaw,Ayeyarwady
MMR017006,0.23057642579078674,0.011524677276611328,TRUE,TRUE,increasing Gi*,Yegyi,Ayeyarwady
MMR017007,0.1315789371728897,0.1502286195755005,TRUE,FALSE,no significant trend,Kyaunggon,Ayeyarwady
MMR017008,0.24185462296009064,0.008042454719543457,TRUE,TRUE,increasing Gi*,Hinthada,Ayeyarwady
MMR017009,0.3107769191265106,6.556510925292969e-4,TRUE,TRUE,increasing Gi*,Zalun,Ayeyarwady
MMR017010,0.21929822862148285,0.016285061836242676,TRUE,TRUE,increasing Gi*,Lemyethna,Ayeyarwady
MMR017011,0.2506265342235565,0.006020665168762207,TRUE,TRUE,increasing Gi*,Myanaung,Ayeyarwady
MMR017012,0.22305762767791748,0.014534831047058105,TRUE,TRUE,increasing Gi*,Kyangin,Ayeyarwady
MMR017013,0.3320801854133606,2.709627151489258e-4,TRUE,TRUE,increasing Gi*,Ingapu,Ayeyarwady
MMR017014,-0.02005012333393097,0.8310155272483826,TRUE,FALSE,no significant trend,Myaungmya,Ayeyarwady
MMR017015,0.0238095223903656,0.7989529371261597,TRUE,FALSE,no significant trend,Einme,Ayeyarwady
MMR017016,-0.06015037000179291,0.5131338834762573,TRUE,FALSE,no significant trend,Labutta,Ayeyarwady
MMR017017,-0.07268169522285461,0.4285690188407898,TRUE,FALSE,no significant trend,Wakema,Ayeyarwady
MMR017018,-0.09273182600736618,0.31157350540161133,TRUE,FALSE,no significant trend,Mawlamyinegyun,Ayeyarwady
MMR017019,-0.2268170267343521,0.012952613644301891,TRUE,TRUE,decreasing Gi*,Maubin,Ayeyarwady
MMR017020,-0.008771928958594799,0.9286924600601196,TRUE,FALSE,no significant trend,Pantanaw,Ayeyarwady
MMR017021,-0.2117794305086136,0.020348604768514633,TRUE,TRUE,decreasing Gi*,Nyaungdon,Ayeyarwady
MMR017022,0.028822053223848343,0.7567334175109863,TRUE,FALSE,no significant trend,Danubyu,Ayeyarwady
MMR017023,-0.13283206522464752,0.14636479318141937,TRUE,FALSE,no significant trend,Pyapon,Ayeyarwady
MMR017024,-0.16290725767612457,0.07459983974695206,TRUE,FALSE,no significant trend,Bogale,Ayeyarwady
MMR017025,-0.16040098667144775,0.0791940689086914,TRUE,FALSE,no significant trend,Kyaiklat,Ayeyarwady
MMR017026,-0.17418545484542847,0.05654309317469597,TRUE,FALSE,no significant trend,Dedaye,Ayeyarwady
MMR018001,0.0714285671710968,0.43664276599884033,TRUE,FALSE,no significant trend,Zay Yar Thi Ri,Nay Pyi Taw
MMR018002,-0.02130325697362423,0.8202938437461853,TRUE,FALSE,no significant trend,Za Bu Thi Ri,Nay Pyi Taw
MMR018003,-0.006265663541853428,0.950598955154419,TRUE,FALSE,no significant trend,Tatkon,Nay Pyi Taw
MMR018004,-0.02506265416741371,0.7883374691009521,TRUE,FALSE,no significant trend,Det Khi Na Thi Ri,Nay Pyi Taw
MMR018005,-0.013784459792077541,0.8850576281547546,TRUE,FALSE,no significant trend,Poke Ba Thi Ri,Nay Pyi Taw
MMR018006,0.03884711489081383,0.6745476722717285,TRUE,FALSE,no significant trend,Pyinmana,Nay Pyi Taw
MMR018007,0.14786966145038605,0.10572624206542969,TRUE,FALSE,no significant trend,Lewe,Nay Pyi Taw
MMR018008,-0.1065162792801857,0.24467915296554565,TRUE,FALSE,no significant trend,Oke Ta Ra Thi Ri,Nay Pyi Taw
