main,comparison,townships
Coldspot,Coldspot,41
Hotspot,Coldspot,0
No contiguous neighbours,Coldspot,0
Not significant,Coldspot,10
Coldspot,Hotspot,0
Hotspot,Hotspot,33
No contiguous neighbours,Hotspot,0
Not significant,Hotspot,3
Coldspot,No contiguous neighbours,0
Hotspot,No contiguous neighbours,0
No contiguous neighbours,No contiguous neighbours,3
Not significant,No contiguous neighbours,0
Coldspot,Not significant,9
Hotspot,Not significant,2
No contiguous neighbours,Not significant,0
Not significant,Not significant,229
