"r","observed","lower","upper","reference"
0,0,0,0,"CSR"
0.1,0.633401539028506,-0.0249696795069811,0.0218258521621105,"CSR"
0.2,1.23675093889014,-0.0225900322860188,0.0245218304507654,"CSR"
0.3,1.81988571111413,-0.024320999331924,0.0231138266406734,"CSR"
0.4,2.43377764659332,-0.0207779174159616,0.0195847355844381,"CSR"
0.5,3.01297426379785,-0.0216898005535515,0.0186088657353519,"CSR"
0.6,3.52632443336571,-0.022683611606602,0.0189280973371835,"CSR"
0.7,4.01171394576671,-0.025254631058766,0.0201150431369399,"CSR"
0.8,4.45805067568298,-0.0263019260594496,0.0198204676963551,"CSR"
0.9,4.9034660991713,-0.0235874131806539,0.019169390839343,"CSR"
1,5.32335154655907,-0.0275675970230351,0.0204862070718848,"CSR"
1.1,5.72856895205841,-0.0264428660310683,0.018395190088752,"CSR"
1.2,6.10913362180065,-0.0226680222297932,0.015598943688113,"CSR"
1.3,6.47720373516214,-0.025243721026935,0.0161710323666666,"CSR"
1.4,6.84061550014287,-0.0275929772978809,0.0173440886437406,"CSR"
1.5,7.18619323058962,-0.0258030422587916,0.0178586977945236,"CSR"
1.6,7.52066682515775,-0.022952702723837,0.0163033920895101,"CSR"
1.7,7.85751949978903,-0.020092914742682,0.0173333719236963,"CSR"
1.8,8.16620680693366,-0.0242426752689835,0.0225917198386913,"CSR"
1.9,8.46341842425034,-0.0234708168411097,0.0218708426177052,"CSR"
2,8.76424771067797,-0.0235612915135637,0.0229046199327239,"CSR"
2.1,9.04449006174129,-0.0214678555358603,0.0254037604459998,"CSR"
2.2,9.3123159599545,-0.0212544180293297,0.0278251746984743,"CSR"
2.3,9.57149667005955,-0.0183453749377827,0.0291691559895133,"CSR"
2.4,9.82032471673992,-0.0215259087864159,0.0283888721624623,"CSR"
2.5,10.0569289234128,-0.0233161677582485,0.0260218829196184,"CSR"
2.6,10.2770063944863,-0.0267713482987033,0.0267898202703494,"CSR"
2.7,10.4884745128693,-0.0246360466484199,0.0267722083520718,"CSR"
2.8,10.6870317548321,-0.0266624429532452,0.0251687140092618,"CSR"
2.9,10.8763329760379,-0.0232955792628191,0.0238937873571237,"CSR"
3,11.0505443629933,-0.0278723588442285,0.0240449915904968,"CSR"
3.1,11.211241365802,-0.0258405476665318,0.0252572865987206,"CSR"
3.2,11.3681906314388,-0.0258476056546786,0.0269867261248744,"CSR"
3.3,11.5150830451954,-0.0271809204130862,0.024154840119667,"CSR"
3.4,11.648022095455,-0.0299525347733205,0.0247935659953709,"CSR"
3.5,11.7714361731238,-0.0298852357779524,0.0263290664859137,"CSR"
3.6,11.8931929130494,-0.0318500193748825,0.0255208868838248,"CSR"
3.7,11.999852847657,-0.0302556994628906,0.0272991594405005,"CSR"
3.8,12.0960873016661,-0.0322429125866832,0.0272325122998969,"CSR"
3.9,12.1856926054969,-0.0372236410423978,0.0276351021972201,"CSR"
4,12.271268534243,-0.0363204788979625,0.0303717707069033,"CSR"
4.1,12.3479788101324,-0.0351289215940884,0.0322203647481256,"CSR"
4.2,12.416899633906,-0.0371442016996077,0.0335207518124649,"CSR"
4.3,12.4810573324089,-0.0383252693768199,0.0328956903964484,"CSR"
4.4,12.5416152674684,-0.0367654576856546,0.0359090616864188,"CSR"
4.5,12.5996547998858,-0.0360607521022676,0.0357247499512603,"CSR"
4.6,12.6478725231456,-0.0382365951524894,0.0372137042217258,"CSR"
4.7,12.6939352757839,-0.0357748757674026,0.037288300797818,"CSR"
4.8,12.7366192945199,-0.0339408979055369,0.0406172468842021,"CSR"
4.9,12.7791418704479,-0.0321923053126332,0.0427660274687414,"CSR"
5,12.8139662495116,-0.0314940035462756,0.0439295077599064,"CSR"
5.1,12.843159641207,-0.0333328047865429,0.0448657406216837,"CSR"
5.2,12.8732030008289,-0.0335366337618446,0.0428789738510176,"CSR"
5.3,12.90340864315,-0.0350114343290953,0.0426741260497421,"CSR"
5.4,12.9271421482809,-0.0350787388076652,0.0422748287671739,"CSR"
5.5,12.9496383404191,-0.0341762555751064,0.0426587751674257,"CSR"
5.6,12.9716983865847,-0.0365429703574245,0.0437421570894516,"CSR"
5.7,12.9931336517265,-0.0366820445875993,0.044786334766842,"CSR"
5.8,13.012445277722,-0.0342491812522505,0.0448041454880084,"CSR"
5.9,13.0292376682305,-0.0327662456550115,0.0464740971191313,"CSR"
6,13.046824364042,-0.0348112609244726,0.0474439457018914,"CSR"
6.1,13.0644762153961,-0.0356510772124086,0.0477448082242313,"CSR"
6.2,13.0794350954301,-0.0350046297429669,0.0493505514135526,"CSR"
6.3,13.0952226824371,-0.0364804029498638,0.0473489550183803,"CSR"
6.4,13.1088132210141,-0.0343841612319169,0.0488836397643757,"CSR"
6.5,13.1263444464063,-0.0343649044992969,0.0492521599786864,"CSR"
6.6,13.1432019459204,-0.0336531414020147,0.0514081653407104,"CSR"
6.7,13.1605335894201,-0.0335512337649657,0.0513135326380301,"CSR"
6.8,13.1782243895547,-0.0326087274981637,0.0537940966587334,"CSR"
6.9,13.1980285773837,-0.0351690134240039,0.0536646697823162,"CSR"
7,13.2169906420487,-0.0350917723293245,0.054344133005495,"CSR"
7.1,13.2369446271521,-0.0349426268870667,0.05641712509426,"CSR"
7.2,13.2582321522742,-0.037541000631097,0.0589902050471567,"CSR"
7.3,13.2779456624473,-0.039034503219546,0.0609719493278531,"CSR"
7.4,13.298605240979,-0.0399652275659799,0.0634494759870412,"CSR"
7.5,13.319394486861,-0.0410212827572458,0.0650351072674473,"CSR"
7.6,13.3421596884936,-0.0412043398718751,0.0680135961114861,"CSR"
7.7,13.3647543245266,-0.0420583272879735,0.0681390228506942,"CSR"
7.8,13.3867120460304,-0.0424601871143038,0.0674103623748818,"CSR"
7.9,13.4110283342558,-0.0449593905177466,0.0688275884869798,"CSR"
8,13.4330861945122,-0.0472669954691618,0.0680342205946847,"CSR"
8.1,13.4560007200928,-0.0477377632146112,0.0682543927251142,"CSR"
8.2,13.4801024236098,-0.048174847847223,0.0701388650885324,"CSR"
8.3,13.50434421189,-0.0492332669746993,0.0712612145248013,"CSR"
8.4,13.5284282455018,-0.0497228919064003,0.0692346482505855,"CSR"
8.5,13.5549093762014,-0.0518245150946068,0.0715817126432903,"CSR"
8.6,13.5780527697505,-0.0531597735915508,0.0742730222528554,"CSR"
8.7,13.6034761865629,-0.053127947054092,0.0750293031032214,"CSR"
8.8,13.6294566616982,-0.0537587540080011,0.0731381875968449,"CSR"
8.9,13.6549045925971,-0.0535619617818615,0.075426751208175,"CSR"
9,13.6819618240848,-0.0533862565325958,0.0780080029333661,"CSR"
9.1,13.7084078174641,-0.0536901822845568,0.0792135152584894,"CSR"
9.2,13.7356537032477,-0.0537238790073644,0.0794234126603861,"CSR"
9.3,13.7645754364245,-0.0543867890506,0.0794326231587856,"CSR"
9.4,13.7926184137768,-0.0549550454905638,0.0810989586420927,"CSR"
9.5,13.8240427561789,-0.0532767154654135,0.0845972926690486,"CSR"
9.6,13.8546924349093,-0.0529204103533356,0.0863966735072061,"CSR"
9.7,13.8837248656169,-0.0522412281554789,0.0875020685755903,"CSR"
9.8,13.9166976175896,-0.0539326921889973,0.0875859707586315,"CSR"
9.9,13.9492372476408,-0.0555898600782072,0.087538401667457,"CSR"
10,13.980675358292,-0.0578640300493696,0.0891551938285069,"CSR"
0,0,0,0,"Inhomogeneous reference"
0.1,0.495381348764093,-0.0350610185708396,0.0919530011533478,"Inhomogeneous reference"
0.2,0.800728599107235,-0.0557387583999449,0.147310444028865,"Inhomogeneous reference"
0.3,1.06645964499697,-0.0615810910982646,0.141931365801141,"Inhomogeneous reference"
0.4,1.38972963386873,-0.0624496501540791,0.114545097165584,"Inhomogeneous reference"
0.5,1.69830608149231,-0.0738655931239824,0.0806506026424648,"Inhomogeneous reference"
0.6,1.8507825668373,-0.0865312089936047,0.0810156022100461,"Inhomogeneous reference"
0.7,2.00045227834816,-0.0864243592531051,0.0862666897224021,"Inhomogeneous reference"
0.8,2.08439484409436,-0.0919217358570096,0.0678031023589996,"Inhomogeneous reference"
0.9,2.16846872289382,-0.0981547993672399,0.0592041821216919,"Inhomogeneous reference"
1,2.26054832527046,-0.106470890485852,0.0391224903742096,"Inhomogeneous reference"
1.1,2.31768930065395,-0.103580894671688,0.0303246656457723,"Inhomogeneous reference"
1.2,2.35948383935649,-0.118787035122118,0.0320810389788384,"Inhomogeneous reference"
1.3,2.39591233878281,-0.126153672883417,0.0298718021509454,"Inhomogeneous reference"
1.4,2.42732130042367,-0.142593995841013,0.06960432646319,"Inhomogeneous reference"
1.5,2.45207588444761,-0.144495306226471,0.0497976528384025,"Inhomogeneous reference"
1.6,2.47348202711219,-0.157024611485762,0.079498905870798,"Inhomogeneous reference"
1.7,2.50343589229752,-0.159052567147086,0.0585224022997362,"Inhomogeneous reference"
1.8,2.52618413636299,-0.160957788063972,0.0443530870009061,"Inhomogeneous reference"
1.9,2.52646896412308,-0.151598674980572,0.0255305630947962,"Inhomogeneous reference"
2,2.53227807135026,-0.156422938231571,0.00708357839891294,"Inhomogeneous reference"
2.1,2.5286363143869,-0.154419816492638,0.00615871065131657,"Inhomogeneous reference"
2.2,2.52242743547657,-0.166014877347848,-0.00602228833992591,"Inhomogeneous reference"
2.3,2.50862839857195,-0.172110158125242,-0.00168970585599038,"Inhomogeneous reference"
2.4,2.49372754203206,-0.172090551443483,-0.0053106588394578,"Inhomogeneous reference"
2.5,2.48368303359592,-0.17514355751188,0.034055669427159,"Inhomogeneous reference"
2.6,2.46336113514811,-0.17862037724387,0.0213599890506293,"Inhomogeneous reference"
2.7,2.43952071869468,-0.188293231292435,0.0329515827478413,"Inhomogeneous reference"
2.8,2.41407050596591,-0.198411206971732,0.0166438223391543,"Inhomogeneous reference"
2.9,2.40675157282203,-0.199928859932952,0.0072582542059223,"Inhomogeneous reference"
3,2.38884083427605,-0.205307499845536,-0.010962740887833,"Inhomogeneous reference"
3.1,2.38047698911825,-0.205386577276513,-0.0236457415288349,"Inhomogeneous reference"
3.2,2.35670691898141,-0.209816455261771,-0.0309258227994498,"Inhomogeneous reference"
3.3,2.34073374061749,-0.214304884719858,-0.0451763010169532,"Inhomogeneous reference"
3.4,2.33231190997462,-0.22698164856146,-0.0279941973207167,"Inhomogeneous reference"
3.5,2.31709026488038,-0.224125836595691,-0.029743567035931,"Inhomogeneous reference"
3.6,2.30059953771704,-0.227524834279495,-0.0441194296385636,"Inhomogeneous reference"
3.7,2.27941840890687,-0.240922311695855,-0.0527673537739308,"Inhomogeneous reference"
3.8,2.26567540389876,-0.244965301036782,-0.0570071034411161,"Inhomogeneous reference"
3.9,2.24286969863832,-0.252376861126297,-0.0676040359042216,"Inhomogeneous reference"
4,2.21738878951883,-0.25583436838116,-0.072522257091586,"Inhomogeneous reference"
4.1,2.19337025216098,-0.252856528170026,-0.0753977856856034,"Inhomogeneous reference"
4.2,2.16346333197336,-0.253144527828571,-0.0781798080010256,"Inhomogeneous reference"
4.3,2.13244845428321,-0.26591225741041,-0.0809630582380416,"Inhomogeneous reference"
4.4,2.09398557781627,-0.273703822087728,-0.0769577642733301,"Inhomogeneous reference"
4.5,2.06042905903099,-0.27449418730548,-0.0891137187938327,"Inhomogeneous reference"
4.6,2.02557233899317,-0.276946478011514,-0.0932132289750367,"Inhomogeneous reference"
4.7,1.99331782031366,-0.289191234618785,-0.0848334687709391,"Inhomogeneous reference"
4.8,1.95997910501198,-0.298699138690534,-0.0870861955172737,"Inhomogeneous reference"
4.9,1.91777430965718,-0.294982123345845,-0.0896973661893847,"Inhomogeneous reference"
5,1.87884085991123,-0.297821840486314,-0.0991602488513124,"Inhomogeneous reference"
5.1,1.8342573462789,-0.299737333668711,-0.1023635400906,"Inhomogeneous reference"
5.2,1.79373164886348,-0.304919594494438,-0.113117699827882,"Inhomogeneous reference"
5.3,1.75933964755995,-0.320235004311853,-0.112781004282079,"Inhomogeneous reference"
5.4,1.71195096538689,-0.324418916480348,-0.120293476719595,"Inhomogeneous reference"
5.5,1.66600509568518,-0.317765018947065,-0.134140591273837,"Inhomogeneous reference"
5.6,1.61915043595597,-0.319695112937756,-0.138199650359914,"Inhomogeneous reference"
5.7,1.5748484816351,-0.320064465322858,-0.145724163992035,"Inhomogeneous reference"
5.8,1.52980098498149,-0.320462378849236,-0.141197249139236,"Inhomogeneous reference"
5.9,1.48242481832255,-0.330379046497646,-0.145621815402607,"Inhomogeneous reference"
6,1.4378664233132,-0.332765887599226,-0.145428009281957,"Inhomogeneous reference"
6.1,1.39367199865851,-0.333882495764665,-0.143182044085591,"Inhomogeneous reference"
6.2,1.35026588531078,-0.341139508913459,-0.143346796363518,"Inhomogeneous reference"
6.3,1.30333780244139,-0.353852752521818,-0.157671511638255,"Inhomogeneous reference"
6.4,1.2599773453524,-0.362409439817308,-0.16148387080189,"Inhomogeneous reference"
6.5,1.21763553729801,-0.372335490215741,-0.165811757350537,"Inhomogeneous reference"
6.6,1.17077588490598,-0.374343705346703,-0.169722191304397,"Inhomogeneous reference"
6.7,1.1348018799183,-0.379898087817,-0.172238448557249,"Inhomogeneous reference"
6.8,1.09732062065279,-0.388398351677838,-0.176968195960971,"Inhomogeneous reference"
6.9,1.06092251887195,-0.385380363299316,-0.183451863273257,"Inhomogeneous reference"
7,1.02363584890756,-0.395075250775333,-0.187611067100971,"Inhomogeneous reference"
7.1,0.989512023782383,-0.407559534899832,-0.192329372137147,"Inhomogeneous reference"
7.2,0.998919137009993,-0.41641409730366,-0.198273517444903,"Inhomogeneous reference"
7.3,0.959070555519357,-0.421705430531159,-0.196989473303479,"Inhomogeneous reference"
7.4,0.917104214866708,-0.427908578060803,-0.201226776931409,"Inhomogeneous reference"
7.5,0.876571352301223,-0.428453873810504,-0.203416261993565,"Inhomogeneous reference"
7.6,0.840228257274014,-0.433472645278903,-0.201404294731571,"Inhomogeneous reference"
7.7,0.806066065125777,-0.438605297378419,-0.208722391858914,"Inhomogeneous reference"
7.8,0.769761989989139,-0.445180728530138,-0.212330301019197,"Inhomogeneous reference"
7.9,0.731663699545726,-0.453711509839223,-0.210977640239159,"Inhomogeneous reference"
8,0.686532331833405,-0.464156412585637,-0.206118067616108,"Inhomogeneous reference"
8.1,0.643626868724057,-0.474361197502257,-0.204807203354089,"Inhomogeneous reference"
8.2,0.599643907024287,-0.474713217461913,-0.202706912076334,"Inhomogeneous reference"
8.3,0.555523432984534,-0.485252282662699,-0.203179201395219,"Inhomogeneous reference"
8.4,0.515204224763382,-0.489818186812696,-0.206269778787934,"Inhomogeneous reference"
8.5,0.469755543957763,-0.495366783868972,-0.208129224217236,"Inhomogeneous reference"
8.6,0.433817747819003,-0.5010462831053,-0.208889875209669,"Inhomogeneous reference"
8.7,0.38905415695424,-0.507749699045508,-0.213468621637579,"Inhomogeneous reference"
8.8,0.349775644291983,-0.50806726866638,-0.211219626351088,"Inhomogeneous reference"
8.9,0.305710193525668,-0.51779290963,-0.215814932451156,"Inhomogeneous reference"
9,0.262457065178195,-0.523608776360271,-0.223814900456237,"Inhomogeneous reference"
9.1,0.220686792884495,-0.519373387027558,-0.230046318420346,"Inhomogeneous reference"
9.2,0.176216332696841,-0.525443442561594,-0.241439876105877,"Inhomogeneous reference"
9.3,0.137712536995377,-0.531137255447712,-0.247080334580703,"Inhomogeneous reference"
9.4,0.104480822607558,-0.536464990582168,-0.25018673745917,"Inhomogeneous reference"
9.5,0.0569780952669987,-0.540736458673493,-0.252684829041089,"Inhomogeneous reference"
9.6,0.0203182089620775,-0.541026803932638,-0.259443477675068,"Inhomogeneous reference"
9.7,-0.026337751247743,-0.548490264338206,-0.266144721842497,"Inhomogeneous reference"
9.8,-0.060506167971333,-0.558467919946009,-0.267778253240008,"Inhomogeneous reference"
9.9,-0.105521658270074,-0.56570264473979,-0.276701532746337,"Inhomogeneous reference"
10,-0.139709144857834,-0.573621973630148,-0.281366292135685,"Inhomogeneous reference"
